category,file_id,format,width,height,category_name,label,file_path,local
daily,32718,gif,32,32,日常_IDM,ALL,https://images.heaton.com.cn/download/6889dabc2cca81.27648876,library/daily/32718.gif
daily,32719,gif,32,32,日常_IDM,ALL,https://images.heaton.com.cn/download/6889dabc2ccb61.46746972,library/daily/32719.gif
daily,32720,gif,32,32,日常_IDM,ALL,https://images.heaton.com.cn/download/6889dabc2ccbc1.44823989,library/daily/32720.gif
daily,32721,gif,32,32,日常_IDM,ALL,https://images.heaton.com.cn/download/6889dabc2ccc26.07349296,library/daily/32721.gif
daily,32722,gif,32,32,日常_IDM,ALL,https://images.heaton.com.cn/download/6889dabc2ccc73.38955170,library/daily/32722.gif
daily,32723,gif,32,32,日常_IDM,ALL,https://images.heaton.com.cn/download/6889dabc2cccc7.08440030,library/daily/32723.gif
daily,32724,gif,32,32,日常_IDM,ALL,https://images.heaton.com.cn/download/6889dabc2ccd13.82250501,library/daily/32724.gif
daily,32725,gif,32,32,日常_IDM,ALL,https://images.heaton.com.cn/download/6889dabc2ccd78.21972394,library/daily/32725.gif
daily,32726,gif,32,32,日常_IDM,ALL,https://images.heaton.com.cn/download/6889dabc2ccdb7.05739144,library/daily/32726.gif
daily,32727,gif,32,32,日常_IDM,ALL,https://images.heaton.com.cn/download/6889dabc2cce10.04728321,library/daily/32727.gif
daily,32728,gif,32,32,日常_IDM,ALL,https://images.heaton.com.cn/download/6889dabc2cce61.56583734,library/daily/32728.gif
daily,32729,gif,32,32,日常_IDM,ALL,https://images.heaton.com.cn/download/6889dabc2cceb6.42238676,library/daily/32729.gif
daily,25338,gif,32,32,日常_IDM,ALL,https://images.heaton.com.cn/download/675bdcdf156a03.40326872,library/daily/25338.gif
daily,16712,gif,32,32,日常_IDM,ALL,https://images.heaton.com.cn/download/675bdcdf0761a4.74131635,library/daily/16712.gif
daily,16713,gif,32,32,日常_IDM,ALL,https://images.heaton.com.cn/download/675bdcdf076205.88434976,library/daily/16713.gif
daily,16714,gif,32,32,日常_IDM,ALL,https://images.heaton.com.cn/download/675bdcdf076275.80461865,library/daily/16714.gif
daily,16715,gif,32,32,日常_IDM,ALL,https://images.heaton.com.cn/download/675bdcdf0762e3.85932050,library/daily/16715.gif
daily,16716,gif,32,32,日常_IDM,ALL,https://images.heaton.com.cn/download/675bdcdf076358.30159913,library/daily/16716.gif
daily,16717,gif,32,32,日常_IDM,ALL,https://images.heaton.com.cn/download/675bdcdf0763b3.78865446,library/daily/16717.gif
daily,16718,gif,32,32,日常_IDM,ALL,https://images.heaton.com.cn/download/675bdcdf076447.93407969,library/daily/16718.gif
daily,16719,gif,32,32,日常_IDM,ALL,https://images.heaton.com.cn/download/675bdcdf0764a6.63499379,library/daily/16719.gif
daily,16720,gif,32,32,日常_IDM,ALL,https://images.heaton.com.cn/download/675bdcdf076512.83770026,library/daily/16720.gif
daily,16721,gif,32,32,日常_IDM,ALL,https://images.heaton.com.cn/download/675bdcdf076577.92748968,library/daily/16721.gif
daily,16722,gif,32,32,日常_IDM,ALL,https://images.heaton.com.cn/download/675bdcdf0765d2.33662652,library/daily/16722.gif
daily,16723,gif,32,32,日常_IDM,ALL,https://images.heaton.com.cn/download/675bdcdf076644.69879271,library/daily/16723.gif
daily,16724,gif,32,32,日常_IDM,ALL,https://images.heaton.com.cn/download/675bdcdf0766e7.79507323,library/daily/16724.gif
daily,16725,gif,32,32,日常_IDM,ALL,https://images.heaton.com.cn/download/675bdcdf076747.58064296,library/daily/16725.gif
daily,16726,gif,32,32,日常_IDM,ALL,https://images.heaton.com.cn/download/675bdcdf0767b1.93063366,library/daily/16726.gif
daily,16727,gif,32,32,日常_IDM,ALL,https://images.heaton.com.cn/download/675bdcdf076811.95934414,library/daily/16727.gif
daily,16728,gif,32,32,日常_IDM,ALL,https://images.heaton.com.cn/download/675bdcdf076877.06563545,library/daily/16728.gif
daily,16729,gif,32,32,日常_IDM,ALL,https://images.heaton.com.cn/download/675bdcdf0768c0.65248301,library/daily/16729.gif
daily,16730,gif,32,32,日常_IDM,ALL,https://images.heaton.com.cn/download/675bdcdf076928.46403945,library/daily/16730.gif
daily,16731,gif,32,32,日常_IDM,ALL,https://images.heaton.com.cn/download/675bdcdf0769a6.15089443,library/daily/16731.gif
daily,16732,gif,32,32,日常_IDM,ALL,https://images.heaton.com.cn/download/675bdcdf076a05.20249293,library/daily/16732.gif
daily,16733,gif,32,32,日常_IDM,ALL,https://images.heaton.com.cn/download/675bdcdf076a46.65178897,library/daily/16733.gif
daily,16734,gif,32,32,日常_IDM,ALL,https://images.heaton.com.cn/download/675bdcdf076a87.29499130,library/daily/16734.gif
daily,16735,gif,32,32,日常_IDM,ALL,https://images.heaton.com.cn/download/675bdcdf076ac5.84199891,library/daily/16735.gif
daily,16736,gif,32,32,日常_IDM,ALL,https://images.heaton.com.cn/download/675bdcdf076b09.79468683,library/daily/16736.gif
daily,16737,gif,32,32,日常_IDM,ALL,https://images.heaton.com.cn/download/675bdcdf076b65.57899137,library/daily/16737.gif
daily,16738,gif,32,32,日常_IDM,ALL,https://images.heaton.com.cn/download/675bdcdf076bb4.66316641,library/daily/16738.gif
daily,16739,gif,32,32,日常_IDM,ALL,https://images.heaton.com.cn/download/675bdcdf076bf1.17844553,library/daily/16739.gif
daily,16740,gif,32,32,日常_IDM,ALL,https://images.heaton.com.cn/download/675bdcdf076c25.44761245,library/daily/16740.gif
daily,16741,gif,32,32,日常_IDM,ALL,https://images.heaton.com.cn/download/675bdcdf076c69.57766670,library/daily/16741.gif
daily,16742,gif,32,32,日常_IDM,ALL,https://images.heaton.com.cn/download/675bdcdf076ca6.92350560,library/daily/16742.gif
daily,16743,gif,32,32,日常_IDM,ALL,https://images.heaton.com.cn/download/675bdcdf076ce6.17670337,library/daily/16743.gif
daily,16744,gif,32,32,日常_IDM,ALL,https://images.heaton.com.cn/download/675bdcdf076d42.48388201,library/daily/16744.gif
daily,16745,gif,32,32,日常_IDM,ALL,https://images.heaton.com.cn/download/675bdcdf076d85.37207802,library/daily/16745.gif
daily,16746,gif,32,32,日常_IDM,ALL,https://images.heaton.com.cn/download/675bdcdf076db1.19576335,library/daily/16746.gif
daily,16747,gif,32,32,日常_IDM,ALL,https://images.heaton.com.cn/download/675bdcdf076df5.45154720,library/daily/16747.gif
daily,16748,gif,32,32,日常_IDM,ALL,https://images.heaton.com.cn/download/675bdcdf076e23.65979769,library/daily/16748.gif
daily,16749,gif,32,32,日常_IDM,ALL,https://images.heaton.com.cn/download/675bdcdf076e64.08731697,library/daily/16749.gif
daily,16750,gif,32,32,日常_IDM,ALL,https://images.heaton.com.cn/download/675bdcdf076e96.08352165,library/daily/16750.gif
daily,16751,gif,32,32,日常_IDM,ALL,https://images.heaton.com.cn/download/675bdcdf076f19.75187125,library/daily/16751.gif
daily,16752,gif,32,32,日常_IDM,ALL,https://images.heaton.com.cn/download/675bdcdf076f50.10996192,library/daily/16752.gif
daily,16753,gif,32,32,日常_IDM,ALL,https://images.heaton.com.cn/download/675bdcdf076f91.21058247,library/daily/16753.gif
daily,16754,gif,32,32,日常_IDM,ALL,https://images.heaton.com.cn/download/675bdcdf076fd7.19386648,library/daily/16754.gif
daily,16755,gif,32,32,日常_IDM,ALL,https://images.heaton.com.cn/download/675bdcdf077001.36726286,library/daily/16755.gif
daily,16756,gif,32,32,日常_IDM,ALL,https://images.heaton.com.cn/download/675bdcdf077048.33346401,library/daily/16756.gif
daily,16757,gif,32,32,日常_IDM,ALL,https://images.heaton.com.cn/download/675bdcdf0770a3.50551483,library/daily/16757.gif
daily,16758,gif,32,32,日常_IDM,ALL,https://images.heaton.com.cn/download/675bdcdf0770e0.81749341,library/daily/16758.gif
daily,16759,gif,32,32,日常_IDM,ALL,https://images.heaton.com.cn/download/675bdcdf077120.07185049,library/daily/16759.gif
daily,16760,gif,32,32,日常_IDM,ALL,https://images.heaton.com.cn/download/675bdcdf077166.23675348,library/daily/16760.gif
daily,16761,gif,32,32,日常_IDM,ALL,https://images.heaton.com.cn/download/675bdcdf0771a8.77409402,library/daily/16761.gif
daily,16762,gif,32,32,日常_IDM,ALL,https://images.heaton.com.cn/download/675bdcdf0771d2.46424101,library/daily/16762.gif
daily,16763,gif,32,32,日常_IDM,ALL,https://images.heaton.com.cn/download/675bdcdf077214.27319295,library/daily/16763.gif
daily,16764,gif,32,32,日常_IDM,ALL,https://images.heaton.com.cn/download/675bdcdf077288.08334311,library/daily/16764.gif
daily,16765,gif,32,32,日常_IDM,ALL,https://images.heaton.com.cn/download/675bdcdf0772c4.10360628,library/daily/16765.gif
daily,16766,gif,32,32,日常_IDM,ALL,https://images.heaton.com.cn/download/675bdcdf077309.70547572,library/daily/16766.gif
daily,16767,gif,32,32,日常_IDM,ALL,https://images.heaton.com.cn/download/675bdcdf077347.10156366,library/daily/16767.gif
daily,16768,gif,32,32,日常_IDM,ALL,https://images.heaton.com.cn/download/675bdcdf077384.45267424,library/daily/16768.gif
daily,16769,gif,32,32,日常_IDM,ALL,https://images.heaton.com.cn/download/675bdcdf0773c0.83829453,library/daily/16769.gif
daily,16770,gif,32,32,日常_IDM,ALL,https://images.heaton.com.cn/download/675bdcdf077424.37555712,library/daily/16770.gif
daily,16771,gif,32,32,日常_IDM,ALL,https://images.heaton.com.cn/download/675bdcdf077458.57983496,library/daily/16771.gif
daily,16772,gif,32,32,日常_IDM,ALL,https://images.heaton.com.cn/download/675bdcdf077497.15326047,library/daily/16772.gif
daily,16773,gif,32,32,日常_IDM,ALL,https://images.heaton.com.cn/download/675bdcdf0774d9.05908647,library/daily/16773.gif
daily,16774,gif,32,32,日常_IDM,ALL,https://images.heaton.com.cn/download/675bdcdf077515.47317423,library/daily/16774.gif
daily,16775,gif,32,32,日常_IDM,ALL,https://images.heaton.com.cn/download/675bdcdf077554.07323183,library/daily/16775.gif
daily,16776,gif,32,32,日常_IDM,ALL,https://images.heaton.com.cn/download/675bdcdf077586.69644492,library/daily/16776.gif
daily,16777,gif,32,32,日常_IDM,ALL,https://images.heaton.com.cn/download/675bdcdf0775e1.47874416,library/daily/16777.gif
daily,16778,gif,32,32,日常_IDM,ALL,https://images.heaton.com.cn/download/675bdcdf077639.42918585,library/daily/16778.gif
daily,16779,gif,32,32,日常_IDM,ALL,https://images.heaton.com.cn/download/675bdcdf077667.44021005,library/daily/16779.gif
daily,16780,gif,32,32,日常_IDM,ALL,https://images.heaton.com.cn/download/675bdcdf0776b6.13466613,library/daily/16780.gif
daily,16781,gif,32,32,日常_IDM,ALL,https://images.heaton.com.cn/download/675bdcdf0776e5.16999081,library/daily/16781.gif
daily,16782,gif,32,32,日常_IDM,ALL,https://images.heaton.com.cn/download/675bdcdf077723.74816215,library/daily/16782.gif
daily,16783,gif,32,32,日常_IDM,ALL,https://images.heaton.com.cn/download/675bdcdf077784.21703884,library/daily/16783.gif
daily,16784,gif,32,32,日常_IDM,ALL,https://images.heaton.com.cn/download/675bdcdf0777c0.75113538,library/daily/16784.gif
daily,16785,gif,32,32,日常_IDM,ALL,https://images.heaton.com.cn/download/675bdcdf077804.53524030,library/daily/16785.gif
daily,16786,gif,32,32,日常_IDM,ALL,https://images.heaton.com.cn/download/675bdcdf077849.19440068,library/daily/16786.gif
daily,16787,gif,32,32,日常_IDM,ALL,https://images.heaton.com.cn/download/675bdcdf077881.67324164,library/daily/16787.gif
daily,16788,gif,32,32,日常_IDM,ALL,https://images.heaton.com.cn/download/675bdcdf0778c2.82726285,library/daily/16788.gif
daily,16789,gif,32,32,日常_IDM,ALL,https://images.heaton.com.cn/download/675bdcdf077901.21266855,library/daily/16789.gif
daily,16790,gif,32,32,日常_IDM,ALL,https://images.heaton.com.cn/download/675bdcdf077960.43691185,library/daily/16790.gif
daily,16791,gif,32,32,日常_IDM,ALL,https://images.heaton.com.cn/download/675bdcdf0779a5.80357185,library/daily/16791.gif
daily,16792,gif,32,32,日常_IDM,ALL,https://images.heaton.com.cn/download/675bdcdf0779e7.51127733,library/daily/16792.gif
daily,16793,gif,32,32,日常_IDM,ALL,https://images.heaton.com.cn/download/675bdcdf077a22.63016567,library/daily/16793.gif
daily,16794,gif,32,32,日常_IDM,ALL,https://images.heaton.com.cn/download/675bdcdf077a58.94742343,library/daily/16794.gif
daily,16795,gif,32,32,日常_IDM,ALL,https://images.heaton.com.cn/download/675bdcdf077a91.58975305,library/daily/16795.gif
daily,16796,gif,32,32,日常_IDM,ALL,https://images.heaton.com.cn/download/675bdcdf077ad4.79976529,library/daily/16796.gif
daily,16797,gif,32,32,日常_IDM,ALL,https://images.heaton.com.cn/download/675bdcdf077b37.50653438,library/daily/16797.gif
daily,16798,gif,32,32,日常_IDM,ALL,https://images.heaton.com.cn/download/675bdcdf077b75.25671794,library/daily/16798.gif
daily,16799,gif,32,32,日常_IDM,ALL,https://images.heaton.com.cn/download/675bdcdf077bb6.99022835,library/daily/16799.gif
daily,16800,gif,32,32,日常_IDM,ALL,https://images.heaton.com.cn/download/675bdcdf077bf5.20659115,library/daily/16800.gif
daily,16801,gif,32,32,日常_IDM,ALL,https://images.heaton.com.cn/download/675bdcdf077c38.24688179,library/daily/16801.gif
daily,16802,gif,32,32,日常_IDM,ALL,https://images.heaton.com.cn/download/675bdcdf077c72.52700854,library/daily/16802.gif
daily,16803,gif,32,32,日常_IDM,ALL,https://images.heaton.com.cn/download/675bdcdf077cd5.10674291,library/daily/16803.gif
daily,16804,gif,32,32,日常_IDM,ALL,https://images.heaton.com.cn/download/675bdcdf077d14.48307069,library/daily/16804.gif
daily,16805,gif,32,32,日常_IDM,ALL,https://images.heaton.com.cn/download/675bdcdf077d59.06529601,library/daily/16805.gif
daily,16806,gif,32,32,日常_IDM,ALL,https://images.heaton.com.cn/download/675bdcdf077d97.74886806,library/daily/16806.gif
daily,16807,gif,32,32,日常_IDM,ALL,https://images.heaton.com.cn/download/675bdcdf077dd3.21185385,library/daily/16807.gif
daily,16808,gif,32,32,日常_IDM,ALL,https://images.heaton.com.cn/download/675bdcdf077e15.28788126,library/daily/16808.gif
daily,16809,gif,32,32,日常_IDM,ALL,https://images.heaton.com.cn/download/675bdcdf077e59.50469436,library/daily/16809.gif
daily,16810,gif,32,32,日常_IDM,ALL,https://images.heaton.com.cn/download/675bdcdf077eb8.18049418,library/daily/16810.gif
daily,16811,gif,32,32,日常_IDM,ALL,https://images.heaton.com.cn/download/675bdcdf077ee8.17945049,library/daily/16811.gif
daily,16812,gif,32,32,日常_IDM,ALL,https://images.heaton.com.cn/download/675bdcdf077f21.37501205,library/daily/16812.gif
daily,16813,gif,32,32,日常_IDM,ALL,https://images.heaton.com.cn/download/675bdcdf077f64.95316500,library/daily/16813.gif
daily,16814,gif,32,32,日常_IDM,ALL,https://images.heaton.com.cn/download/675bdcdf077fa4.50633307,library/daily/16814.gif
daily,16815,gif,32,32,日常_IDM,ALL,https://images.heaton.com.cn/download/675bdcdf077fe3.83569424,library/daily/16815.gif
daily,16816,gif,32,32,日常_IDM,ALL,https://images.heaton.com.cn/download/675bdcdf078047.71278034,library/daily/16816.gif
daily,16817,gif,32,32,日常_IDM,ALL,https://images.heaton.com.cn/download/675bdcdf078086.59024081,library/daily/16817.gif
daily,16818,gif,32,32,日常_IDM,ALL,https://images.heaton.com.cn/download/675bdcdf0780b8.82124649,library/daily/16818.gif
daily,16819,gif,32,32,日常_IDM,ALL,https://images.heaton.com.cn/download/675bdcdf0780f5.11719819,library/daily/16819.gif
daily,16820,gif,32,32,日常_IDM,ALL,https://images.heaton.com.cn/download/675bdcdf078132.45416891,library/daily/16820.gif
daily,16821,gif,32,32,日常_IDM,ALL,https://images.heaton.com.cn/download/675bdcdf078176.43016171,library/daily/16821.gif
daily,16822,gif,32,32,日常_IDM,ALL,https://images.heaton.com.cn/download/675bdcdf0781a8.15633546,library/daily/16822.gif
daily,16823,gif,32,32,日常_IDM,ALL,https://images.heaton.com.cn/download/675bdcdf078213.72272612,library/daily/16823.gif
daily,16824,gif,32,32,日常_IDM,ALL,https://images.heaton.com.cn/download/675bdcdf078255.28165151,library/daily/16824.gif
daily,16825,gif,32,32,日常_IDM,ALL,https://images.heaton.com.cn/download/675bdcdf078292.52848995,library/daily/16825.gif
daily,16826,gif,32,32,日常_IDM,ALL,https://images.heaton.com.cn/download/675bdcdf0782c2.53432531,library/daily/16826.gif
daily,16827,gif,32,32,日常_IDM,ALL,https://images.heaton.com.cn/download/675bdcdf078306.80140605,library/daily/16827.gif
daily,16828,gif,32,32,日常_IDM,ALL,https://images.heaton.com.cn/download/675bdcdf078344.82636233,library/daily/16828.gif
daily,16829,gif,32,32,日常_IDM,ALL,https://images.heaton.com.cn/download/675bdcdf0783a9.29244849,library/daily/16829.gif
daily,16830,gif,32,32,日常_IDM,ALL,https://images.heaton.com.cn/download/675bdcdf0783e7.78410546,library/daily/16830.gif
daily,16831,gif,32,32,日常_IDM,ALL,https://images.heaton.com.cn/download/675bdcdf078412.48155680,library/daily/16831.gif
daily,16832,gif,32,32,日常_IDM,ALL,https://images.heaton.com.cn/download/675bdcdf078454.28020230,library/daily/16832.gif
daily,16833,gif,32,32,日常_IDM,ALL,https://images.heaton.com.cn/download/675bdcdf078490.64644538,library/daily/16833.gif
daily,16834,gif,32,32,日常_IDM,ALL,https://images.heaton.com.cn/download/675bdcdf0784e8.84257640,library/daily/16834.gif
daily,16835,gif,32,32,日常_IDM,ALL,https://images.heaton.com.cn/download/675bdcdf078614.76937983,library/daily/16835.gif
daily,16836,gif,32,32,日常_IDM,ALL,https://images.heaton.com.cn/download/675bdcdf0786e3.86031051,library/daily/16836.gif
daily,16837,gif,32,32,日常_IDM,ALL,https://images.heaton.com.cn/download/675bdcdf078751.77760640,library/daily/16837.gif
daily,16838,gif,32,32,日常_IDM,ALL,https://images.heaton.com.cn/download/675bdcdf0787a2.31419639,library/daily/16838.gif
daily,16839,gif,32,32,日常_IDM,ALL,https://images.heaton.com.cn/download/675bdcdf078806.82404911,library/daily/16839.gif
daily,16840,gif,32,32,日常_IDM,ALL,https://images.heaton.com.cn/download/675bdcdf078869.27737818,library/daily/16840.gif
daily,16841,gif,32,32,日常_IDM,ALL,https://images.heaton.com.cn/download/675bdcdf0788c9.01738090,library/daily/16841.gif
daily,16842,gif,32,32,日常_IDM,ALL,https://images.heaton.com.cn/download/675bdcdf078937.19160653,library/daily/16842.gif
daily,16843,gif,32,32,日常_IDM,ALL,https://images.heaton.com.cn/download/675bdcdf0789d4.23915951,library/daily/16843.gif
daily,16844,gif,32,32,日常_IDM,ALL,https://images.heaton.com.cn/download/675bdcdf078a33.80132886,library/daily/16844.gif
daily,16845,gif,32,32,日常_IDM,ALL,https://images.heaton.com.cn/download/675bdcdf078aa8.02287925,library/daily/16845.gif
daily,16846,gif,32,32,日常_IDM,ALL,https://images.heaton.com.cn/download/675bdcdf078b06.92158855,library/daily/16846.gif
daily,16847,gif,32,32,日常_IDM,ALL,https://images.heaton.com.cn/download/675bdcdf078b78.20551753,library/daily/16847.gif
daily,16848,gif,32,32,日常_IDM,ALL,https://images.heaton.com.cn/download/675bdcdf078be4.35544791,library/daily/16848.gif
daily,16849,gif,32,32,日常_IDM,ALL,https://images.heaton.com.cn/download/675bdcdf078c71.93083747,library/daily/16849.gif
daily,16850,gif,32,32,日常_IDM,ALL,https://images.heaton.com.cn/download/675bdcdf078cd2.55220901,library/daily/16850.gif
daily,16851,gif,32,32,日常_IDM,ALL,https://images.heaton.com.cn/download/675bdcdf078d34.81230570,library/daily/16851.gif
daily,16852,gif,32,32,日常_IDM,ALL,https://images.heaton.com.cn/download/675bdcdf078d91.27743326,library/daily/16852.gif
daily,16853,gif,32,32,日常_IDM,ALL,https://images.heaton.com.cn/download/675bdcdf078df0.33305586,library/daily/16853.gif
daily,16854,gif,32,32,日常_IDM,ALL,https://images.heaton.com.cn/download/675bdcdf078e60.84825803,library/daily/16854.gif
daily,16855,gif,32,32,日常_IDM,ALL,https://images.heaton.com.cn/download/675bdcdf078ec7.70695197,library/daily/16855.gif
daily,16856,gif,32,32,日常_IDM,ALL,https://images.heaton.com.cn/download/675bdcdf079024.23638183,library/daily/16856.gif
daily,16857,gif,32,32,日常_IDM,ALL,https://images.heaton.com.cn/download/675bdcdf079083.93369059,library/daily/16857.gif
daily,16858,gif,32,32,日常_IDM,ALL,https://images.heaton.com.cn/download/675bdcdf0790e9.21318544,library/daily/16858.gif
daily,16859,gif,32,32,日常_IDM,ALL,https://images.heaton.com.cn/download/675bdcdf079148.76227230,library/daily/16859.gif
daily,16860,gif,32,32,日常_IDM,ALL,https://images.heaton.com.cn/download/675bdcdf0791a2.24329115,library/daily/16860.gif
daily,16861,gif,32,32,日常_IDM,ALL,https://images.heaton.com.cn/download/675bdcdf079202.32501278,library/daily/16861.gif
daily,16862,gif,32,32,日常_IDM,ALL,https://images.heaton.com.cn/download/675bdcdf079291.67703696,library/daily/16862.gif
daily,16863,gif,32,32,日常_IDM,ALL,https://images.heaton.com.cn/download/675bdcdf079300.00688208,library/daily/16863.gif
daily,16864,gif,32,32,日常_IDM,ALL,https://images.heaton.com.cn/download/675bdcdf079377.46705238,library/daily/16864.gif
daily,16865,gif,32,32,日常_IDM,ALL,https://images.heaton.com.cn/download/675bdcdf0793d6.27456169,library/daily/16865.gif
daily,16866,gif,32,32,日常_IDM,ALL,https://images.heaton.com.cn/download/675bdcdf079438.37204565,library/daily/16866.gif
daily,16867,gif,32,32,日常_IDM,ALL,https://images.heaton.com.cn/download/675bdcdf079492.92407441,library/daily/16867.gif
daily,16868,gif,32,32,日常_IDM,ALL,https://images.heaton.com.cn/download/675bdcdf0794f7.60485516,library/daily/16868.gif
daily,16869,gif,32,32,日常_IDM,ALL,https://images.heaton.com.cn/download/675bdcdf079587.01553491,library/daily/16869.gif
daily,16870,gif,32,32,日常_IDM,ALL,https://images.heaton.com.cn/download/675bdcdf0795e6.92222029,library/daily/16870.gif
daily,16871,gif,32,32,日常_IDM,ALL,https://images.heaton.com.cn/download/675bdcdf079640.92011943,library/daily/16871.gif
daily,16872,gif,32,32,日常_IDM,ALL,https://images.heaton.com.cn/download/675bdcdf0796c4.68726326,library/daily/16872.gif
daily,16873,gif,32,32,日常_IDM,ALL,https://images.heaton.com.cn/download/675bdcdf079731.97205574,library/daily/16873.gif
daily,16874,gif,32,32,日常_IDM,ALL,https://images.heaton.com.cn/download/675bdcdf079797.76680943,library/daily/16874.gif
daily,16875,gif,32,32,日常_IDM,ALL,https://images.heaton.com.cn/download/675bdcdf0798e6.56247845,library/daily/16875.gif
daily,16876,gif,32,32,日常_IDM,ALL,https://images.heaton.com.cn/download/675bdcdf079969.92270845,library/daily/16876.gif
daily,16877,gif,32,32,日常_IDM,ALL,https://images.heaton.com.cn/download/675bdcdf0799d2.87790408,library/daily/16877.gif
daily,16878,gif,32,32,日常_IDM,ALL,https://images.heaton.com.cn/download/675bdcdf079a30.52159503,library/daily/16878.gif
daily,16879,gif,32,32,日常_IDM,ALL,https://images.heaton.com.cn/download/675bdcdf079a91.58402090,library/daily/16879.gif
daily,16880,gif,32,32,日常_IDM,ALL,https://images.heaton.com.cn/download/675bdcdf079af2.17294144,library/daily/16880.gif
daily,16881,gif,32,32,日常_IDM,ALL,https://images.heaton.com.cn/download/675bdcdf079b65.15135198,library/daily/16881.gif
daily,16882,gif,32,32,日常_IDM,ALL,https://images.heaton.com.cn/download/675bdcdf079bf9.94747031,library/daily/16882.gif
daily,16883,gif,32,32,日常_IDM,ALL,https://images.heaton.com.cn/download/675bdcdf079c67.15417708,library/daily/16883.gif
daily,16884,gif,32,32,日常_IDM,ALL,https://images.heaton.com.cn/download/675bdcdf079cd8.31414368,library/daily/16884.gif
daily,16885,gif,32,32,日常_IDM,ALL,https://images.heaton.com.cn/download/675bdcdf079d34.74242417,library/daily/16885.gif
daily,16886,gif,32,32,日常_IDM,ALL,https://images.heaton.com.cn/download/675bdcdf079d95.12768248,library/daily/16886.gif
daily,16887,gif,32,32,日常_IDM,ALL,https://images.heaton.com.cn/download/675bdcdf079de6.69284029,library/daily/16887.gif
daily,16888,gif,32,32,日常_IDM,ALL,https://images.heaton.com.cn/download/675bdcdf079e78.07865704,library/daily/16888.gif
daily,16889,gif,32,32,日常_IDM,ALL,https://images.heaton.com.cn/download/675bdcdf079ed7.48782904,library/daily/16889.gif
daily,16890,gif,32,32,日常_IDM,ALL,https://images.heaton.com.cn/download/675bdcdf079f40.72928485,library/daily/16890.gif
daily,16891,gif,32,32,日常_IDM,ALL,https://images.heaton.com.cn/download/675bdcdf079fa3.17396949,library/daily/16891.gif
daily,16892,gif,32,32,日常_IDM,ALL,https://images.heaton.com.cn/download/675bdcdf07a005.52823684,library/daily/16892.gif
daily,16893,gif,32,32,日常_IDM,ALL,https://images.heaton.com.cn/download/675bdcdf07a063.01216071,library/daily/16893.gif
daily,16894,gif,32,32,日常_IDM,ALL,https://images.heaton.com.cn/download/675bdcdf07a0c6.05112405,library/daily/16894.gif
daily,16895,gif,32,32,日常_IDM,ALL,https://images.heaton.com.cn/download/675bdcdf07a156.85966840,library/daily/16895.gif
daily,16896,gif,32,32,日常_IDM,ALL,https://images.heaton.com.cn/download/675bdcdf07a1b2.54501012,library/daily/16896.gif
daily,16897,gif,32,32,日常_IDM,ALL,https://images.heaton.com.cn/download/675bdcdf07a211.48172927,library/daily/16897.gif
daily,16898,gif,32,32,日常_IDM,ALL,https://images.heaton.com.cn/download/675bdcdf07a275.60197230,library/daily/16898.gif
daily,16899,gif,32,32,日常_IDM,ALL,https://images.heaton.com.cn/download/675bdcdf07a2e8.10383496,library/daily/16899.gif
daily,16900,gif,32,32,日常_IDM,ALL,https://images.heaton.com.cn/download/675bdcdf07a343.55714452,library/daily/16900.gif
daily,16901,gif,32,32,日常_IDM,ALL,https://images.heaton.com.cn/download/675bdcdf07a3d3.89716710,library/daily/16901.gif
daily,16902,gif,32,32,日常_IDM,ALL,https://images.heaton.com.cn/download/675bdcdf07a446.42953656,library/daily/16902.gif
daily,16903,gif,32,32,日常_IDM,ALL,https://images.heaton.com.cn/download/675bdcdf07a4a3.84578765,library/daily/16903.gif
daily,16904,gif,32,32,日常_IDM,ALL,https://images.heaton.com.cn/download/675bdcdf07a516.82577812,library/daily/16904.gif
daily,16905,gif,32,32,日常_IDM,ALL,https://images.heaton.com.cn/download/675bdcdf07a573.78204394,library/daily/16905.gif
daily,16906,gif,32,32,日常_IDM,ALL,https://images.heaton.com.cn/download/675bdcdf07a5e4.16293222,library/daily/16906.gif
daily,16907,gif,32,32,日常_IDM,ALL,https://images.heaton.com.cn/download/675bdcdf07a641.64072770,library/daily/16907.gif
daily,16908,gif,32,32,日常_IDM,ALL,https://images.heaton.com.cn/download/675bdcdf07a6e2.30061524,library/daily/16908.gif
daily,16909,gif,32,32,日常_IDM,ALL,https://images.heaton.com.cn/download/675bdcdf07a740.07288604,library/daily/16909.gif
daily,16910,gif,32,32,日常_IDM,ALL,https://images.heaton.com.cn/download/675bdcdf07a7b6.68640968,library/daily/16910.gif
holiday,32730,gif,32,32,节日_IDM,ALL,https://images.heaton.com.cn/download/6889dada82a672.28865482,library/holiday/32730.gif
holiday,32731,gif,32,32,节日_IDM,ALL,https://images.heaton.com.cn/download/6889dada82a7a7.53235985,library/holiday/32731.gif
holiday,32732,gif,32,32,节日_IDM,ALL,https://images.heaton.com.cn/download/6889dada82a824.70951007,library/holiday/32732.gif
holiday,32733,gif,32,32,节日_IDM,ALL,https://images.heaton.com.cn/download/6889dada82a890.73295250,library/holiday/32733.gif
holiday,25340,gif,32,32,节日_IDM,ALL,https://images.heaton.com.cn/download/675bdcdf156a79.08307760,library/holiday/25340.gif
holiday,25341,gif,32,32,节日_IDM,ALL,https://images.heaton.com.cn/download/675bdcdf156ab7.22843524,library/holiday/25341.gif
holiday,25342,gif,32,32,节日_IDM,ALL,https://images.heaton.com.cn/download/675bdcdf156b10.23329420,library/holiday/25342.gif
holiday,25343,gif,32,32,节日_IDM,ALL,https://images.heaton.com.cn/download/675bdcdf156b59.42273920,library/holiday/25343.gif
holiday,25344,gif,32,32,节日_IDM,ALL,https://images.heaton.com.cn/download/675bdcdf156b92.10102424,library/holiday/25344.gif
holiday,25345,gif,32,32,节日_IDM,ALL,https://images.heaton.com.cn/download/675bdcdf156bd8.00774842,library/holiday/25345.gif
holiday,25346,gif,32,32,节日_IDM,ALL,https://images.heaton.com.cn/download/675bdcdf156c02.18966314,library/holiday/25346.gif
holiday,16911,gif,32,32,节日_IDM,ALL,https://images.heaton.com.cn/download/675bdcdf07a811.09860391,library/holiday/16911.gif
holiday,16912,gif,32,32,节日_IDM,ALL,https://images.heaton.com.cn/download/675bdcdf07a888.95433869,library/holiday/16912.gif
holiday,16913,gif,32,32,节日_IDM,ALL,https://images.heaton.com.cn/download/675bdcdf07a8f6.96424382,library/holiday/16913.gif
holiday,16914,gif,32,32,节日_IDM,ALL,https://images.heaton.com.cn/download/675bdcdf07a957.40304283,library/holiday/16914.gif
holiday,16915,gif,32,32,节日_IDM,ALL,https://images.heaton.com.cn/download/675bdcdf07a9e6.89430294,library/holiday/16915.gif
holiday,16916,gif,32,32,节日_IDM,ALL,https://images.heaton.com.cn/download/675bdcdf07aa41.23341194,library/holiday/16916.gif
holiday,16917,gif,32,32,节日_IDM,ALL,https://images.heaton.com.cn/download/675bdcdf07aaa3.49072722,library/holiday/16917.gif
holiday,16918,gif,32,32,节日_IDM,ALL,https://images.heaton.com.cn/download/675bdcdf07ab03.06905867,library/holiday/16918.gif
holiday,16919,gif,32,32,节日_IDM,ALL,https://images.heaton.com.cn/download/675bdcdf07ab72.44542834,library/holiday/16919.gif
holiday,16920,gif,32,32,节日_IDM,ALL,https://images.heaton.com.cn/download/675bdcdf07abd3.71392348,library/holiday/16920.gif
holiday,16921,gif,32,32,节日_IDM,ALL,https://images.heaton.com.cn/download/675bdcdf07ac71.97505818,library/holiday/16921.gif
holiday,16922,gif,32,32,节日_IDM,ALL,https://images.heaton.com.cn/download/675bdcdf07acd5.20504202,library/holiday/16922.gif
holiday,16923,gif,32,32,节日_IDM,ALL,https://images.heaton.com.cn/download/675bdcdf07ad33.61187274,library/holiday/16923.gif
holiday,16924,gif,32,32,节日_IDM,ALL,https://images.heaton.com.cn/download/675bdcdf07ada9.91728063,library/holiday/16924.gif
holiday,16925,gif,32,32,节日_IDM,ALL,https://images.heaton.com.cn/download/675bdcdf07ae16.77408520,library/holiday/16925.gif
holiday,16926,gif,32,32,节日_IDM,ALL,https://images.heaton.com.cn/download/675bdcdf07ae71.21970397,library/holiday/16926.gif
holiday,16927,gif,32,32,节日_IDM,ALL,https://images.heaton.com.cn/download/675bdcdf07aed4.85485718,library/holiday/16927.gif
holiday,16928,gif,32,32,节日_IDM,ALL,https://images.heaton.com.cn/download/675bdcdf07afb2.07151605,library/holiday/16928.gif
holiday,16929,gif,32,32,节日_IDM,ALL,https://images.heaton.com.cn/download/675bdcdf07b021.78875066,library/holiday/16929.gif
holiday,16930,gif,32,32,节日_IDM,ALL,https://images.heaton.com.cn/download/675bdcdf07b087.35788184,library/holiday/16930.gif
holiday,16931,gif,32,32,节日_IDM,ALL,https://images.heaton.com.cn/download/675bdcdf07b0e5.82777677,library/holiday/16931.gif
holiday,16932,gif,32,32,节日_IDM,ALL,https://images.heaton.com.cn/download/675bdcdf07b157.28203682,library/holiday/16932.gif
holiday,16933,gif,32,32,节日_IDM,ALL,https://images.heaton.com.cn/download/675bdcdf07b1c5.63798149,library/holiday/16933.gif
holiday,16934,gif,32,32,节日_IDM,ALL,https://images.heaton.com.cn/download/675bdcdf07b253.48208085,library/holiday/16934.gif
holiday,16935,gif,32,32,节日_IDM,ALL,https://images.heaton.com.cn/download/675bdcdf07b2b5.04423540,library/holiday/16935.gif
holiday,16936,gif,32,32,节日_IDM,ALL,https://images.heaton.com.cn/download/675bdcdf07b320.59590242,library/holiday/16936.gif
holiday,16937,gif,32,32,节日_IDM,ALL,https://images.heaton.com.cn/download/675bdcdf07b386.88603097,library/holiday/16937.gif
holiday,16938,gif,32,32,节日_IDM,ALL,https://images.heaton.com.cn/download/675bdcdf07b3e7.47608980,library/holiday/16938.gif
holiday,16939,gif,32,32,节日_IDM,ALL,https://images.heaton.com.cn/download/675bdcdf07b452.54129376,library/holiday/16939.gif
holiday,16940,gif,32,32,节日_IDM,ALL,https://images.heaton.com.cn/download/675bdcdf07b4c2.84616757,library/holiday/16940.gif
holiday,16941,gif,32,32,节日_IDM,ALL,https://images.heaton.com.cn/download/675bdcdf07b553.65108624,library/holiday/16941.gif
holiday,16942,gif,32,32,节日_IDM,ALL,https://images.heaton.com.cn/download/675bdcdf07b5c2.81388925,library/holiday/16942.gif
holiday,16943,gif,32,32,节日_IDM,ALL,https://images.heaton.com.cn/download/675bdcdf07b639.09045491,library/holiday/16943.gif
holiday,16944,gif,32,32,节日_IDM,ALL,https://images.heaton.com.cn/download/675bdcdf07b6a1.61276693,library/holiday/16944.gif
holiday,16945,gif,32,32,节日_IDM,ALL,https://images.heaton.com.cn/download/675bdcdf07b729.50380040,library/holiday/16945.gif
holiday,16946,gif,32,32,节日_IDM,ALL,https://images.heaton.com.cn/download/675bdcdf07b783.43151411,library/holiday/16946.gif
holiday,16947,gif,32,32,节日_IDM,ALL,https://images.heaton.com.cn/download/675bdcdf07b829.86512668,library/holiday/16947.gif
holiday,16948,gif,32,32,节日_IDM,ALL,https://images.heaton.com.cn/download/675bdcdf07b886.40489303,library/holiday/16948.gif
holiday,16949,gif,32,32,节日_IDM,ALL,https://images.heaton.com.cn/download/675bdcdf07b8f5.38106260,library/holiday/16949.gif
holiday,16950,gif,32,32,节日_IDM,ALL,https://images.heaton.com.cn/download/675bdcdf07b969.19510349,library/holiday/16950.gif
holiday,16951,gif,32,32,节日_IDM,ALL,https://images.heaton.com.cn/download/675bdcdf07b9c7.15070556,library/holiday/16951.gif
holiday,16952,gif,32,32,节日_IDM,ALL,https://images.heaton.com.cn/download/675bdcdf07ba32.61304354,library/holiday/16952.gif
holiday,16953,gif,32,32,节日_IDM,ALL,https://images.heaton.com.cn/download/675bdcdf07ba92.79439182,library/holiday/16953.gif
holiday,16954,gif,32,32,节日_IDM,ALL,https://images.heaton.com.cn/download/675bdcdf07bb25.01926304,library/holiday/16954.gif
holiday,16955,gif,32,32,节日_IDM,ALL,https://images.heaton.com.cn/download/675bdcdf07bb96.18608507,library/holiday/16955.gif
holiday,16956,gif,32,32,节日_IDM,ALL,https://images.heaton.com.cn/download/675bdcdf07bc04.23741668,library/holiday/16956.gif
holiday,16957,gif,32,32,节日_IDM,ALL,https://images.heaton.com.cn/download/675bdcdf07bc72.40237110,library/holiday/16957.gif
holiday,16958,gif,32,32,节日_IDM,ALL,https://images.heaton.com.cn/download/675bdcdf07bcd1.62441750,library/holiday/16958.gif
holiday,16959,gif,32,32,节日_IDM,ALL,https://images.heaton.com.cn/download/675bdcdf07bd44.80734321,library/holiday/16959.gif
holiday,16960,gif,32,32,节日_IDM,ALL,https://images.heaton.com.cn/download/675bdcdf07bda4.44201954,library/holiday/16960.gif
holiday,16961,gif,32,32,节日_IDM,ALL,https://images.heaton.com.cn/download/675bdcdf07be34.23182415,library/holiday/16961.gif
holiday,16962,gif,32,32,节日_IDM,ALL,https://images.heaton.com.cn/download/675bdcdf07bea7.18029556,library/holiday/16962.gif
holiday,16963,gif,32,32,节日_IDM,ALL,https://images.heaton.com.cn/download/675bdcdf07bf02.21024665,library/holiday/16963.gif
holiday,16964,gif,32,32,节日_IDM,ALL,https://images.heaton.com.cn/download/675bdcdf07bf77.87643483,library/holiday/16964.gif
holiday,16965,gif,32,32,节日_IDM,ALL,https://images.heaton.com.cn/download/675bdcdf07bfe9.59543904,library/holiday/16965.gif
holiday,16966,gif,32,32,节日_IDM,ALL,https://images.heaton.com.cn/download/675bdcdf07c054.64819260,library/holiday/16966.gif
holiday,16967,gif,32,32,节日_IDM,ALL,https://images.heaton.com.cn/download/675bdcdf07c0e9.77658309,library/holiday/16967.gif
holiday,16968,gif,32,32,节日_IDM,ALL,https://images.heaton.com.cn/download/675bdcdf07c151.04100109,library/holiday/16968.gif
holiday,16969,gif,32,32,节日_IDM,ALL,https://images.heaton.com.cn/download/675bdcdf07c1c5.61748967,library/holiday/16969.gif
holiday,16970,gif,32,32,节日_IDM,ALL,https://images.heaton.com.cn/download/675bdcdf07c232.40283350,library/holiday/16970.gif
holiday,16971,gif,32,32,节日_IDM,ALL,https://images.heaton.com.cn/download/675bdcdf07c2a9.06110316,library/holiday/16971.gif
holiday,16972,gif,32,32,节日_IDM,ALL,https://images.heaton.com.cn/download/675bdcdf07c318.54322313,library/holiday/16972.gif
holiday,16973,gif,32,32,节日_IDM,ALL,https://images.heaton.com.cn/download/675bdcdf07c452.09007564,library/holiday/16973.gif
holiday,16974,gif,32,32,节日_IDM,ALL,https://images.heaton.com.cn/download/675bdcdf07c501.87340389,library/holiday/16974.gif
holiday,16975,gif,32,32,节日_IDM,ALL,https://images.heaton.com.cn/download/675bdcdf07c579.73438426,library/holiday/16975.gif
holiday,16976,gif,32,32,节日_IDM,ALL,https://images.heaton.com.cn/download/675bdcdf07c5f4.28570786,library/holiday/16976.gif
holiday,16977,gif,32,32,节日_IDM,ALL,https://images.heaton.com.cn/download/675bdcdf07c658.42905344,library/holiday/16977.gif
holiday,16978,gif,32,32,节日_IDM,ALL,https://images.heaton.com.cn/download/675bdcdf07c6c5.56432976,library/holiday/16978.gif
holiday,16979,gif,32,32,节日_IDM,ALL,https://images.heaton.com.cn/download/675bdcdf07c736.13902801,library/holiday/16979.gif
holiday,16980,gif,32,32,节日_IDM,ALL,https://images.heaton.com.cn/download/675bdcdf07c7c7.76059899,library/holiday/16980.gif
holiday,16981,gif,32,32,节日_IDM,ALL,https://images.heaton.com.cn/download/675bdcdf07c832.81421742,library/holiday/16981.gif
holiday,16982,gif,32,32,节日_IDM,ALL,https://images.heaton.com.cn/download/675bdcdf07c8a4.75499401,library/holiday/16982.gif
holiday,16983,gif,32,32,节日_IDM,ALL,https://images.heaton.com.cn/download/675bdcdf07c916.01515116,library/holiday/16983.gif
holiday,16984,gif,32,32,节日_IDM,ALL,https://images.heaton.com.cn/download/675bdcdf07c989.76584075,library/holiday/16984.gif
holiday,16985,gif,32,32,节日_IDM,ALL,https://images.heaton.com.cn/download/675bdcdf07c9f7.91159982,library/holiday/16985.gif
holiday,16986,gif,32,32,节日_IDM,ALL,https://images.heaton.com.cn/download/675bdcdf07ca64.29313591,library/holiday/16986.gif
holiday,16987,gif,32,32,节日_IDM,ALL,https://images.heaton.com.cn/download/675bdcdf07caf8.24880645,library/holiday/16987.gif
holiday,16988,gif,32,32,节日_IDM,ALL,https://images.heaton.com.cn/download/675bdcdf07cb76.95694664,library/holiday/16988.gif
holiday,16989,gif,32,32,节日_IDM,ALL,https://images.heaton.com.cn/download/675bdcdf07cbd2.82756046,library/holiday/16989.gif
holiday,16990,gif,32,32,节日_IDM,ALL,https://images.heaton.com.cn/download/675bdcdf07cc59.17083611,library/holiday/16990.gif
holiday,16991,gif,32,32,节日_IDM,ALL,https://images.heaton.com.cn/download/675bdcdf07ccc5.28206210,library/holiday/16991.gif
holiday,16992,gif,32,32,节日_IDM,ALL,https://images.heaton.com.cn/download/675bdcdf07cd24.23198702,library/holiday/16992.gif
holiday,16993,gif,32,32,节日_IDM,ALL,https://images.heaton.com.cn/download/675bdcdf07ce80.58858127,library/holiday/16993.gif
holiday,16994,gif,32,32,节日_IDM,ALL,https://images.heaton.com.cn/download/675bdcdf07cef9.37477507,library/holiday/16994.gif
holiday,16995,gif,32,32,节日_IDM,ALL,https://images.heaton.com.cn/download/675bdcdf07cf64.49908890,library/holiday/16995.gif
holiday,16996,gif,32,32,节日_IDM,ALL,https://images.heaton.com.cn/download/675bdcdf07cfd2.95504436,library/holiday/16996.gif
holiday,16997,gif,32,32,节日_IDM,ALL,https://images.heaton.com.cn/download/675bdcdf07d042.08762438,library/holiday/16997.gif
holiday,16998,gif,32,32,节日_IDM,ALL,https://images.heaton.com.cn/download/675bdcdf07d0b9.37801513,library/holiday/16998.gif
holiday,16999,gif,32,32,节日_IDM,ALL,https://images.heaton.com.cn/download/675bdcdf07d111.09424786,library/holiday/16999.gif
holiday,17000,gif,32,32,节日_IDM,ALL,https://images.heaton.com.cn/download/675bdcdf07d1a1.51999844,library/holiday/17000.gif
holiday,17001,gif,32,32,节日_IDM,ALL,https://images.heaton.com.cn/download/675bdcdf07d210.66871831,library/holiday/17001.gif
holiday,17002,gif,32,32,节日_IDM,ALL,https://images.heaton.com.cn/download/675bdcdf07d289.93123704,library/holiday/17002.gif
holiday,17003,gif,32,32,节日_IDM,ALL,https://images.heaton.com.cn/download/675bdcdf07d2e3.39802901,library/holiday/17003.gif
holiday,17004,gif,32,32,节日_IDM,ALL,https://images.heaton.com.cn/download/675bdcdf07d358.46599010,library/holiday/17004.gif
holiday,17005,gif,32,32,节日_IDM,ALL,https://images.heaton.com.cn/download/675bdcdf07d3c4.11816636,library/holiday/17005.gif
holiday,17006,gif,32,32,节日_IDM,ALL,https://images.heaton.com.cn/download/675bdcdf07d438.13607124,library/holiday/17006.gif
holiday,17007,gif,32,32,节日_IDM,ALL,https://images.heaton.com.cn/download/675bdcdf07d4c5.83278309,library/holiday/17007.gif
holiday,17008,gif,32,32,节日_IDM,ALL,https://images.heaton.com.cn/download/675bdcdf07d533.18916455,library/holiday/17008.gif
holiday,17009,gif,32,32,节日_IDM,ALL,https://images.heaton.com.cn/download/675bdcdf07d5a5.24708673,library/holiday/17009.gif
holiday,17010,gif,32,32,节日_IDM,ALL,https://images.heaton.com.cn/download/675bdcdf07d612.51958872,library/holiday/17010.gif
holiday,17011,gif,32,32,节日_IDM,ALL,https://images.heaton.com.cn/download/675bdcdf07d684.52531601,library/holiday/17011.gif
holiday,17012,gif,32,32,节日_IDM,ALL,https://images.heaton.com.cn/download/675bdcdf07d6e7.62139859,library/holiday/17012.gif
holiday,17013,gif,32,32,节日_IDM,ALL,https://images.heaton.com.cn/download/675bdcdf07d785.87370448,library/holiday/17013.gif
holiday,17014,gif,32,32,节日_IDM,ALL,https://images.heaton.com.cn/download/675bdcdf07d7f3.63092041,library/holiday/17014.gif
holiday,17015,gif,32,32,节日_IDM,ALL,https://images.heaton.com.cn/download/675bdcdf07d862.12763782,library/holiday/17015.gif
holiday,17016,gif,32,32,节日_IDM,ALL,https://images.heaton.com.cn/download/675bdcdf07d8c1.37670656,library/holiday/17016.gif
holiday,17017,gif,32,32,节日_IDM,ALL,https://images.heaton.com.cn/download/675bdcdf07d939.77021080,library/holiday/17017.gif
holiday,17018,gif,32,32,节日_IDM,ALL,https://images.heaton.com.cn/download/675bdcdf07d9a1.86276889,library/holiday/17018.gif
holiday,17019,gif,32,32,节日_IDM,ALL,https://images.heaton.com.cn/download/675bdcdf07da01.52341726,library/holiday/17019.gif
holiday,17020,gif,32,32,节日_IDM,ALL,https://images.heaton.com.cn/download/675bdcdf07dab0.07469357,library/holiday/17020.gif
holiday,17021,gif,32,32,节日_IDM,ALL,https://images.heaton.com.cn/download/675bdcdf07db25.52834585,library/holiday/17021.gif
holiday,17022,gif,32,32,节日_IDM,ALL,https://images.heaton.com.cn/download/675bdcdf07db99.15453767,library/holiday/17022.gif
holiday,17023,gif,32,32,节日_IDM,ALL,https://images.heaton.com.cn/download/675bdcdf07dbf7.96836709,library/holiday/17023.gif
holiday,17024,gif,32,32,节日_IDM,ALL,https://images.heaton.com.cn/download/675bdcdf07dc63.05246479,library/holiday/17024.gif
holiday,17025,gif,32,32,节日_IDM,ALL,https://images.heaton.com.cn/download/675bdcdf07dcd4.53391275,library/holiday/17025.gif
holiday,17026,gif,32,32,节日_IDM,ALL,https://images.heaton.com.cn/download/675bdcdf07dd67.81593440,library/holiday/17026.gif
holiday,17027,gif,32,32,节日_IDM,ALL,https://images.heaton.com.cn/download/675bdcdf07ddd8.20967416,library/holiday/17027.gif
holiday,17028,gif,32,32,节日_IDM,ALL,https://images.heaton.com.cn/download/675bdcdf07de49.33364371,library/holiday/17028.gif
holiday,17029,gif,32,32,节日_IDM,ALL,https://images.heaton.com.cn/download/675bdcdf07deb8.98802163,library/holiday/17029.gif
emoji,32734,gif,32,32,表情_IDM,ALL,https://images.heaton.com.cn/download/6889daf0767b90.90125211,library/emoji/32734.gif
emoji,32735,gif,32,32,表情_IDM,ALL,https://images.heaton.com.cn/download/6889daf0767cc7.97436484,library/emoji/32735.gif
emoji,25347,gif,32,32,表情_IDM,ALL,https://images.heaton.com.cn/download/675bdcdf156c47.61807916,library/emoji/25347.gif
emoji,25348,gif,32,32,表情_IDM,ALL,https://images.heaton.com.cn/download/675bdcdf156ce0.98708791,library/emoji/25348.gif
emoji,17030,gif,32,32,表情_IDM,ALL,https://images.heaton.com.cn/download/675bdcdf07df28.38489343,library/emoji/17030.gif
emoji,17031,gif,32,32,表情_IDM,ALL,https://images.heaton.com.cn/download/675bdcdf07df93.66625564,library/emoji/17031.gif
emoji,17032,gif,32,32,表情_IDM,ALL,https://images.heaton.com.cn/download/675bdcdf07dff6.13714879,library/emoji/17032.gif
emoji,17033,gif,32,32,表情_IDM,ALL,https://images.heaton.com.cn/download/675bdcdf07e0c0.27791580,library/emoji/17033.gif
emoji,17034,gif,32,32,表情_IDM,ALL,https://images.heaton.com.cn/download/675bdcdf07e124.32993632,library/emoji/17034.gif
emoji,17035,gif,32,32,表情_IDM,ALL,https://images.heaton.com.cn/download/675bdcdf07e195.54989501,library/emoji/17035.gif
emoji,17036,gif,32,32,表情_IDM,ALL,https://images.heaton.com.cn/download/675bdcdf07e202.87837220,library/emoji/17036.gif
emoji,17037,gif,32,32,表情_IDM,ALL,https://images.heaton.com.cn/download/675bdcdf07e276.23767697,library/emoji/17037.gif
emoji,17038,gif,32,32,表情_IDM,ALL,https://images.heaton.com.cn/download/675bdcdf07e2e1.26316900,library/emoji/17038.gif
emoji,17039,gif,32,32,表情_IDM,ALL,https://images.heaton.com.cn/download/675bdcdf07e370.27992941,library/emoji/17039.gif
emoji,17040,gif,32,32,表情_IDM,ALL,https://images.heaton.com.cn/download/675bdcdf07e3e4.44002672,library/emoji/17040.gif
emoji,17041,gif,32,32,表情_IDM,ALL,https://images.heaton.com.cn/download/675bdcdf07e449.05715565,library/emoji/17041.gif
emoji,17042,gif,32,32,表情_IDM,ALL,https://images.heaton.com.cn/download/675bdcdf07e4b4.58687617,library/emoji/17042.gif
emoji,17043,gif,32,32,表情_IDM,ALL,https://images.heaton.com.cn/download/675bdcdf07e523.24956649,library/emoji/17043.gif
emoji,17044,gif,32,32,表情_IDM,ALL,https://images.heaton.com.cn/download/675bdcdf07e584.89045627,library/emoji/17044.gif
emoji,17045,gif,32,32,表情_IDM,ALL,https://images.heaton.com.cn/download/675bdcdf07e5f4.43325589,library/emoji/17045.gif
emoji,17046,gif,32,32,表情_IDM,ALL,https://images.heaton.com.cn/download/675bdcdf07e698.65450435,library/emoji/17046.gif
emoji,17047,gif,32,32,表情_IDM,ALL,https://images.heaton.com.cn/download/675bdcdf07e6f4.19377850,library/emoji/17047.gif
emoji,17048,gif,32,32,表情_IDM,ALL,https://images.heaton.com.cn/download/675bdcdf07e769.15292691,library/emoji/17048.gif
emoji,17049,gif,32,32,表情_IDM,ALL,https://images.heaton.com.cn/download/675bdcdf07e7d5.50298298,library/emoji/17049.gif
emoji,17050,gif,32,32,表情_IDM,ALL,https://images.heaton.com.cn/download/675bdcdf07e832.73453912,library/emoji/17050.gif
emoji,17051,gif,32,32,表情_IDM,ALL,https://images.heaton.com.cn/download/675bdcdf07e8a5.78690386,library/emoji/17051.gif
emoji,17052,gif,32,32,表情_IDM,ALL,https://images.heaton.com.cn/download/675bdcdf07e930.49197542,library/emoji/17052.gif
emoji,17053,gif,32,32,表情_IDM,ALL,https://images.heaton.com.cn/download/675bdcdf07e996.34556956,library/emoji/17053.gif
emoji,17054,gif,32,32,表情_IDM,ALL,https://images.heaton.com.cn/download/675bdcdf07ea05.05534191,library/emoji/17054.gif
emoji,17055,gif,32,32,表情_IDM,ALL,https://images.heaton.com.cn/download/675bdcdf07ea64.44387637,library/emoji/17055.gif
emoji,17056,gif,32,32,表情_IDM,ALL,https://images.heaton.com.cn/download/675bdcdf07ead8.10264474,library/emoji/17056.gif
emoji,17057,gif,32,32,表情_IDM,ALL,https://images.heaton.com.cn/download/675bdcdf07eb42.40147812,library/emoji/17057.gif
emoji,17058,gif,32,32,表情_IDM,ALL,https://images.heaton.com.cn/download/675bdcdf07ebb9.48281556,library/emoji/17058.gif
emoji,17059,gif,32,32,表情_IDM,ALL,https://images.heaton.com.cn/download/675bdcdf07ec49.82865433,library/emoji/17059.gif
emoji,17060,gif,32,32,表情_IDM,ALL,https://images.heaton.com.cn/download/675bdcdf07eca2.49673417,library/emoji/17060.gif
emoji,17061,gif,32,32,表情_IDM,ALL,https://images.heaton.com.cn/download/675bdcdf07ed15.69581867,library/emoji/17061.gif
emoji,17062,gif,32,32,表情_IDM,ALL,https://images.heaton.com.cn/download/675bdcdf07ed73.28113382,library/emoji/17062.gif
emoji,17063,gif,32,32,表情_IDM,ALL,https://images.heaton.com.cn/download/675bdcdf07ede2.53162193,library/emoji/17063.gif
emoji,17064,gif,32,32,表情_IDM,ALL,https://images.heaton.com.cn/download/675bdcdf07ee55.16732704,library/emoji/17064.gif
emoji,17065,gif,32,32,表情_IDM,ALL,https://images.heaton.com.cn/download/675bdcdf07eeb9.36335110,library/emoji/17065.gif
emoji,17066,gif,32,32,表情_IDM,ALL,https://images.heaton.com.cn/download/675bdcdf07ef41.52084219,library/emoji/17066.gif
emoji,17067,gif,32,32,表情_IDM,ALL,https://images.heaton.com.cn/download/675bdcdf07efa4.92954058,library/emoji/17067.gif
emoji,17068,gif,32,32,表情_IDM,ALL,https://images.heaton.com.cn/download/675bdcdf07f017.72809498,library/emoji/17068.gif
emoji,17069,gif,32,32,表情_IDM,ALL,https://images.heaton.com.cn/download/675bdcdf07f082.91187380,library/emoji/17069.gif
emoji,17070,gif,32,32,表情_IDM,ALL,https://images.heaton.com.cn/download/675bdcdf07f0f0.85598598,library/emoji/17070.gif
emoji,17071,gif,32,32,表情_IDM,ALL,https://images.heaton.com.cn/download/675bdcdf07f164.26386093,library/emoji/17071.gif
emoji,17072,gif,32,32,表情_IDM,ALL,https://images.heaton.com.cn/download/675bdcdf07f1f1.16856133,library/emoji/17072.gif
emoji,17073,gif,32,32,表情_IDM,ALL,https://images.heaton.com.cn/download/675bdcdf07f268.78804132,library/emoji/17073.gif
emoji,17074,gif,32,32,表情_IDM,ALL,https://images.heaton.com.cn/download/675bdcdf07f2d5.72412394,library/emoji/17074.gif
emoji,17075,gif,32,32,表情_IDM,ALL,https://images.heaton.com.cn/download/675bdcdf07f333.94810517,library/emoji/17075.gif
emoji,17076,gif,32,32,表情_IDM,ALL,https://images.heaton.com.cn/download/675bdcdf07f3a2.95471336,library/emoji/17076.gif
emoji,17077,gif,32,32,表情_IDM,ALL,https://images.heaton.com.cn/download/675bdcdf07f417.52520650,library/emoji/17077.gif
emoji,17078,gif,32,32,表情_IDM,ALL,https://images.heaton.com.cn/download/675bdcdf07f487.65215563,library/emoji/17078.gif
emoji,17079,gif,32,32,表情_IDM,ALL,https://images.heaton.com.cn/download/675bdcdf07f512.64308858,library/emoji/17079.gif
emoji,17080,gif,32,32,表情_IDM,ALL,https://images.heaton.com.cn/download/675bdcdf07f590.89925476,library/emoji/17080.gif
emoji,17081,gif,32,32,表情_IDM,ALL,https://images.heaton.com.cn/download/675bdcdf07f5f7.42387623,library/emoji/17081.gif
emoji,17082,gif,32,32,表情_IDM,ALL,https://images.heaton.com.cn/download/675bdcdf07f665.65930476,library/emoji/17082.gif
emoji,17083,gif,32,32,表情_IDM,ALL,https://images.heaton.com.cn/download/675bdcdf07f6c9.33372280,library/emoji/17083.gif
emoji,17084,gif,32,32,表情_IDM,ALL,https://images.heaton.com.cn/download/675bdcdf07f739.40344404,library/emoji/17084.gif
emoji,17085,gif,32,32,表情_IDM,ALL,https://images.heaton.com.cn/download/675bdcdf07f7c5.97741638,library/emoji/17085.gif
emoji,17086,gif,32,32,表情_IDM,ALL,https://images.heaton.com.cn/download/675bdcdf07f837.21466948,library/emoji/17086.gif
emoji,17087,gif,32,32,表情_IDM,ALL,https://images.heaton.com.cn/download/675bdcdf07f8a1.26532260,library/emoji/17087.gif
emoji,17088,gif,32,32,表情_IDM,ALL,https://images.heaton.com.cn/download/675bdcdf07f900.48312095,library/emoji/17088.gif
emoji,17089,gif,32,32,表情_IDM,ALL,https://images.heaton.com.cn/download/675bdcdf07f962.98500472,library/emoji/17089.gif
emoji,17090,gif,32,32,表情_IDM,ALL,https://images.heaton.com.cn/download/675bdcdf07f9d5.91487085,library/emoji/17090.gif
emoji,17091,gif,32,32,表情_IDM,ALL,https://images.heaton.com.cn/download/675bdcdf07fa43.35017869,library/emoji/17091.gif
emoji,17092,gif,32,32,表情_IDM,ALL,https://images.heaton.com.cn/download/675bdcdf07fad1.53370952,library/emoji/17092.gif
emoji,17093,gif,32,32,表情_IDM,ALL,https://images.heaton.com.cn/download/675bdcdf07fb34.09987850,library/emoji/17093.gif
emoji,17094,gif,32,32,表情_IDM,ALL,https://images.heaton.com.cn/download/675bdcdf07fba3.12189466,library/emoji/17094.gif
emoji,17095,gif,32,32,表情_IDM,ALL,https://images.heaton.com.cn/download/675bdcdf07fc01.33226634,library/emoji/17095.gif
emoji,17096,gif,32,32,表情_IDM,ALL,https://images.heaton.com.cn/download/675bdcdf07fc77.43422940,library/emoji/17096.gif
emoji,17097,gif,32,32,表情_IDM,ALL,https://images.heaton.com.cn/download/675bdcdf07fcd6.99412036,library/emoji/17097.gif
emoji,17098,gif,32,32,表情_IDM,ALL,https://images.heaton.com.cn/download/675bdcdf07fd65.03375418,library/emoji/17098.gif
emoji,17099,gif,32,32,表情_IDM,ALL,https://images.heaton.com.cn/download/675bdcdf07fdd2.15415910,library/emoji/17099.gif
emoji,17100,gif,32,32,表情_IDM,ALL,https://images.heaton.com.cn/download/675bdcdf07fe45.94671056,library/emoji/17100.gif
emoji,17101,gif,32,32,表情_IDM,ALL,https://images.heaton.com.cn/download/675bdcdf07feb5.68063579,library/emoji/17101.gif
emoji,17102,gif,32,32,表情_IDM,ALL,https://images.heaton.com.cn/download/675bdcdf07ff19.36532561,library/emoji/17102.gif
emoji,17103,gif,32,32,表情_IDM,ALL,https://images.heaton.com.cn/download/675bdcdf07ff80.99734030,library/emoji/17103.gif
emoji,17104,gif,32,32,表情_IDM,ALL,https://images.heaton.com.cn/download/675bdcdf07fff9.20884496,library/emoji/17104.gif
emoji,17105,gif,32,32,表情_IDM,ALL,https://images.heaton.com.cn/download/675bdcdf080081.13770090,library/emoji/17105.gif
emoji,17106,gif,32,32,表情_IDM,ALL,https://images.heaton.com.cn/download/675bdcdf0800f2.29621729,library/emoji/17106.gif
emoji,17107,gif,32,32,表情_IDM,ALL,https://images.heaton.com.cn/download/675bdcdf080167.73356110,library/emoji/17107.gif
emoji,17108,gif,32,32,表情_IDM,ALL,https://images.heaton.com.cn/download/675bdcdf0801d9.80871421,library/emoji/17108.gif
emoji,17109,gif,32,32,表情_IDM,ALL,https://images.heaton.com.cn/download/675bdcdf0802d5.78722619,library/emoji/17109.gif
emoji,17110,gif,32,32,表情_IDM,ALL,https://images.heaton.com.cn/download/675bdcdf080344.50740633,library/emoji/17110.gif
emoji,17111,gif,32,32,表情_IDM,ALL,https://images.heaton.com.cn/download/675bdcdf0803b4.96561461,library/emoji/17111.gif
emoji,17112,gif,32,32,表情_IDM,ALL,https://images.heaton.com.cn/download/675bdcdf080454.66847626,library/emoji/17112.gif
emoji,17113,gif,32,32,表情_IDM,ALL,https://images.heaton.com.cn/download/675bdcdf0804c0.11326594,library/emoji/17113.gif
emoji,17114,gif,32,32,表情_IDM,ALL,https://images.heaton.com.cn/download/675bdcdf080537.75063691,library/emoji/17114.gif
emoji,17115,gif,32,32,表情_IDM,ALL,https://images.heaton.com.cn/download/675bdcdf0805a0.50154581,library/emoji/17115.gif
emoji,17116,gif,32,32,表情_IDM,ALL,https://images.heaton.com.cn/download/675bdcdf080615.45278996,library/emoji/17116.gif
emoji,17117,gif,32,32,表情_IDM,ALL,https://images.heaton.com.cn/download/675bdcdf080673.82134634,library/emoji/17117.gif
emoji,17118,gif,32,32,表情_IDM,ALL,https://images.heaton.com.cn/download/675bdcdf080705.06865116,library/emoji/17118.gif
emoji,17119,gif,32,32,表情_IDM,ALL,https://images.heaton.com.cn/download/675bdcdf080778.13894464,library/emoji/17119.gif
emoji,17120,gif,32,32,表情_IDM,ALL,https://images.heaton.com.cn/download/675bdcdf0807e3.67579539,library/emoji/17120.gif
emoji,17121,gif,32,32,表情_IDM,ALL,https://images.heaton.com.cn/download/675bdcdf080854.87099266,library/emoji/17121.gif
emoji,17122,gif,32,32,表情_IDM,ALL,https://images.heaton.com.cn/download/675bdcdf0808b3.75374080,library/emoji/17122.gif
emoji,17123,gif,32,32,表情_IDM,ALL,https://images.heaton.com.cn/download/675bdcdf080920.64443509,library/emoji/17123.gif
emoji,17124,gif,32,32,表情_IDM,ALL,https://images.heaton.com.cn/download/675bdcdf080983.95422291,library/emoji/17124.gif
emoji,17125,gif,32,32,表情_IDM,ALL,https://images.heaton.com.cn/download/675bdcdf080a23.14327324,library/emoji/17125.gif
emoji,17126,gif,32,32,表情_IDM,ALL,https://images.heaton.com.cn/download/675bdcdf080a94.67546547,library/emoji/17126.gif
emoji,17127,gif,32,32,表情_IDM,ALL,https://images.heaton.com.cn/download/675bdcdf080b08.59875515,library/emoji/17127.gif
emoji,17128,gif,32,32,表情_IDM,ALL,https://images.heaton.com.cn/download/675bdcdf080b68.80112516,library/emoji/17128.gif
emoji,17129,gif,32,32,表情_IDM,ALL,https://images.heaton.com.cn/download/675bdcdf080bc9.32428592,library/emoji/17129.gif
emoji,17130,gif,32,32,表情_IDM,ALL,https://images.heaton.com.cn/download/675bdcdf080cf7.10560552,library/emoji/17130.gif
emoji,17131,gif,32,32,表情_IDM,ALL,https://images.heaton.com.cn/download/675bdcdf080d98.30044384,library/emoji/17131.gif
emoji,17132,gif,32,32,表情_IDM,ALL,https://images.heaton.com.cn/download/675bdcdf080df1.06604665,library/emoji/17132.gif
emoji,17133,gif,32,32,表情_IDM,ALL,https://images.heaton.com.cn/download/675bdcdf080e62.60029585,library/emoji/17133.gif
emoji,17134,gif,32,32,表情_IDM,ALL,https://images.heaton.com.cn/download/675bdcdf080ed0.63100270,library/emoji/17134.gif
emoji,17135,gif,32,32,表情_IDM,ALL,https://images.heaton.com.cn/download/675bdcdf080f49.20622283,library/emoji/17135.gif
emoji,17136,gif,32,32,表情_IDM,ALL,https://images.heaton.com.cn/download/675bdcdf080fa2.10106624,library/emoji/17136.gif
emoji,17137,gif,32,32,表情_IDM,ALL,https://images.heaton.com.cn/download/675bdcdf081011.98731109,library/emoji/17137.gif
emoji,17138,gif,32,32,表情_IDM,ALL,https://images.heaton.com.cn/download/675bdcdf081094.75664391,library/emoji/17138.gif
emoji,17139,gif,32,32,表情_IDM,ALL,https://images.heaton.com.cn/download/675bdcdf081101.00274918,library/emoji/17139.gif
emoji,17140,gif,32,32,表情_IDM,ALL,https://images.heaton.com.cn/download/675bdcdf081178.36095728,library/emoji/17140.gif
emoji,17141,gif,32,32,表情_IDM,ALL,https://images.heaton.com.cn/download/675bdcdf0811e4.00355437,library/emoji/17141.gif
emoji,17142,gif,32,32,表情_IDM,ALL,https://images.heaton.com.cn/download/675bdcdf081257.80035250,library/emoji/17142.gif
emoji,17143,gif,32,32,表情_IDM,ALL,https://images.heaton.com.cn/download/675bdcdf0812b3.61256429,library/emoji/17143.gif
emoji,17144,gif,32,32,表情_IDM,ALL,https://images.heaton.com.cn/download/675bdcdf081352.41984404,library/emoji/17144.gif
emoji,17145,gif,32,32,表情_IDM,ALL,https://images.heaton.com.cn/download/675bdcdf0813b2.32812546,library/emoji/17145.gif
emoji,17146,gif,32,32,表情_IDM,ALL,https://images.heaton.com.cn/download/675bdcdf081423.38569390,library/emoji/17146.gif
emoji,17147,gif,32,32,表情_IDM,ALL,https://images.heaton.com.cn/download/675bdcdf081491.55240644,library/emoji/17147.gif
emoji,17148,gif,32,32,表情_IDM,ALL,https://images.heaton.com.cn/download/675bdcdf0814f5.44696615,library/emoji/17148.gif
emoji,17149,gif,32,32,表情_IDM,ALL,https://images.heaton.com.cn/download/675bdcdf081557.44964699,library/emoji/17149.gif
emoji,17150,gif,32,32,表情_IDM,ALL,https://images.heaton.com.cn/download/675bdcdf0815c4.90965944,library/emoji/17150.gif
emoji,17151,gif,32,32,表情_IDM,ALL,https://images.heaton.com.cn/download/675bdcdf081652.14301185,library/emoji/17151.gif
emoji,17152,gif,32,32,表情_IDM,ALL,https://images.heaton.com.cn/download/675bdcdf0816c5.43553195,library/emoji/17152.gif
emoji,17153,gif,32,32,表情_IDM,ALL,https://images.heaton.com.cn/download/675bdcdf081731.92984976,library/emoji/17153.gif
emoji,17154,gif,32,32,表情_IDM,ALL,https://images.heaton.com.cn/download/675bdcdf081792.71784768,library/emoji/17154.gif
emoji,17155,gif,32,32,表情_IDM,ALL,https://images.heaton.com.cn/download/675bdcdf081800.80753749,library/emoji/17155.gif
emoji,17156,gif,32,32,表情_IDM,ALL,https://images.heaton.com.cn/download/675bdcdf081862.12393427,library/emoji/17156.gif
emoji,17157,gif,32,32,表情_IDM,ALL,https://images.heaton.com.cn/download/675bdcdf0818f7.30806501,library/emoji/17157.gif
emoji,17158,gif,32,32,表情_IDM,ALL,https://images.heaton.com.cn/download/675bdcdf081968.85030966,library/emoji/17158.gif
emoji,17159,gif,32,32,表情_IDM,ALL,https://images.heaton.com.cn/download/675bdcdf0819d6.94763738,library/emoji/17159.gif
emoji,17160,gif,32,32,表情_IDM,ALL,https://images.heaton.com.cn/download/675bdcdf081a42.60298858,library/emoji/17160.gif
emoji,17161,gif,32,32,表情_IDM,ALL,https://images.heaton.com.cn/download/675bdcdf081aa9.42588178,library/emoji/17161.gif
emoji,17162,gif,32,32,表情_IDM,ALL,https://images.heaton.com.cn/download/675bdcdf081b11.44958255,library/emoji/17162.gif
emoji,17163,gif,32,32,表情_IDM,ALL,https://images.heaton.com.cn/download/675bdcdf081b84.29459229,library/emoji/17163.gif
emoji,17164,gif,32,32,表情_IDM,ALL,https://images.heaton.com.cn/download/675bdcdf081c05.78067593,library/emoji/17164.gif
emoji,17165,gif,32,32,表情_IDM,ALL,https://images.heaton.com.cn/download/675bdcdf081c71.18088899,library/emoji/17165.gif
emoji,17166,gif,32,32,表情_IDM,ALL,https://images.heaton.com.cn/download/675bdcdf081ce4.76065820,library/emoji/17166.gif
emoji,17167,gif,32,32,表情_IDM,ALL,https://images.heaton.com.cn/download/675bdcdf081d47.00608000,library/emoji/17167.gif
emoji,17168,gif,32,32,表情_IDM,ALL,https://images.heaton.com.cn/download/675bdcdf081db0.79011862,library/emoji/17168.gif
emoji,17169,gif,32,32,表情_IDM,ALL,https://images.heaton.com.cn/download/675bdcdf081e23.36665952,library/emoji/17169.gif
emoji,17170,gif,32,32,表情_IDM,ALL,https://images.heaton.com.cn/download/675bdcdf081e96.71431279,library/emoji/17170.gif
emoji,17171,gif,32,32,表情_IDM,ALL,https://images.heaton.com.cn/download/675bdcdf081f14.48497503,library/emoji/17171.gif
emoji,17172,gif,32,32,表情_IDM,ALL,https://images.heaton.com.cn/download/675bdcdf081f83.33647510,library/emoji/17172.gif
emoji,17173,gif,32,32,表情_IDM,ALL,https://images.heaton.com.cn/download/675bdcdf081fe8.57168882,library/emoji/17173.gif
emoji,17174,gif,32,32,表情_IDM,ALL,https://images.heaton.com.cn/download/675bdcdf082058.74971868,library/emoji/17174.gif
emoji,17175,gif,32,32,表情_IDM,ALL,https://images.heaton.com.cn/download/675bdcdf0820c2.45537984,library/emoji/17175.gif
emoji,17176,gif,32,32,表情_IDM,ALL,https://images.heaton.com.cn/download/675bdcdf082134.47600547,library/emoji/17176.gif
emoji,17177,gif,32,32,表情_IDM,ALL,https://images.heaton.com.cn/download/675bdcdf0821c5.90635969,library/emoji/17177.gif
emoji,17178,gif,32,32,表情_IDM,ALL,https://images.heaton.com.cn/download/675bdcdf082225.33770239,library/emoji/17178.gif
emoji,17179,gif,32,32,表情_IDM,ALL,https://images.heaton.com.cn/download/675bdcdf082298.86573377,library/emoji/17179.gif
emoji,17180,gif,32,32,表情_IDM,ALL,https://images.heaton.com.cn/download/675bdcdf082304.54162565,library/emoji/17180.gif
emoji,17181,gif,32,32,表情_IDM,ALL,https://images.heaton.com.cn/download/675bdcdf082366.94665189,library/emoji/17181.gif
emoji,17182,gif,32,32,表情_IDM,ALL,https://images.heaton.com.cn/download/675bdcdf0823d2.08797744,library/emoji/17182.gif
emoji,17183,gif,32,32,表情_IDM,ALL,https://images.heaton.com.cn/download/675bdcdf082438.96507951,library/emoji/17183.gif
emoji,17184,gif,32,32,表情_IDM,ALL,https://images.heaton.com.cn/download/675bdcdf0824c1.99344488,library/emoji/17184.gif
emoji,17185,gif,32,32,表情_IDM,ALL,https://images.heaton.com.cn/download/675bdcdf082532.96542079,library/emoji/17185.gif
emoji,17186,gif,32,32,表情_IDM,ALL,https://images.heaton.com.cn/download/675bdcdf082596.67146625,library/emoji/17186.gif
emoji,17187,gif,32,32,表情_IDM,ALL,https://images.heaton.com.cn/download/675bdcdf082604.42786367,library/emoji/17187.gif
emoji,17188,gif,32,32,表情_IDM,ALL,https://images.heaton.com.cn/download/675bdcdf082665.04423947,library/emoji/17188.gif
creative,32736,gif,32,32,创意_IDM,ALL,https://images.heaton.com.cn/download/6889db02e2a9a1.77616875,library/creative/32736.gif
creative,32737,gif,32,32,创意_IDM,ALL,https://images.heaton.com.cn/download/6889db02e2aa74.11720206,library/creative/32737.gif
creative,32738,gif,32,32,创意_IDM,ALL,https://images.heaton.com.cn/download/6889db02e2aac5.75487060,library/creative/32738.gif
creative,32739,gif,32,32,创意_IDM,ALL,https://images.heaton.com.cn/download/6889db02e2ab00.56566586,library/creative/32739.gif
creative,32740,gif,32,32,创意_IDM,ALL,https://images.heaton.com.cn/download/6889db02e2ab35.46246158,library/creative/32740.gif
creative,32741,gif,32,32,创意_IDM,ALL,https://images.heaton.com.cn/download/6889db02e2ab73.38039531,library/creative/32741.gif
creative,32742,gif,32,32,创意_IDM,ALL,https://images.heaton.com.cn/download/6889db02e2abb4.26968785,library/creative/32742.gif
creative,32743,gif,32,32,创意_IDM,ALL,https://images.heaton.com.cn/download/6889db02e2abf5.30218976,library/creative/32743.gif
creative,32744,gif,32,32,创意_IDM,ALL,https://images.heaton.com.cn/download/6889db02e2ac26.22335382,library/creative/32744.gif
creative,25349,gif,32,32,创意_IDM,ALL,https://images.heaton.com.cn/download/675bdcdf156d28.22044945,library/creative/25349.gif
creative,25350,gif,32,32,创意_IDM,ALL,https://images.heaton.com.cn/download/675bdcdf156d69.10191085,library/creative/25350.gif
creative,17189,gif,32,32,创意_IDM,ALL,https://images.heaton.com.cn/download/675bdcdf0826d9.17384769,library/creative/17189.gif
creative,17190,gif,32,32,创意_IDM,ALL,https://images.heaton.com.cn/download/675bdcdf082768.95514794,library/creative/17190.gif
creative,17191,gif,32,32,创意_IDM,ALL,https://images.heaton.com.cn/download/675bdcdf0827c0.50914202,library/creative/17191.gif
creative,17192,gif,32,32,创意_IDM,ALL,https://images.heaton.com.cn/download/675bdcdf082832.56872162,library/creative/17192.gif
creative,17193,gif,32,32,创意_IDM,ALL,https://images.heaton.com.cn/download/675bdcdf082895.64456033,library/creative/17193.gif
creative,17194,gif,32,32,创意_IDM,ALL,https://images.heaton.com.cn/download/675bdcdf082902.61945320,library/creative/17194.gif
creative,17195,gif,32,32,创意_IDM,ALL,https://images.heaton.com.cn/download/675bdcdf082970.17706663,library/creative/17195.gif
creative,17196,gif,32,32,创意_IDM,ALL,https://images.heaton.com.cn/download/675bdcdf0829d9.96792436,library/creative/17196.gif
creative,17197,gif,32,32,创意_IDM,ALL,https://images.heaton.com.cn/download/675bdcdf082a62.05818103,library/creative/17197.gif
creative,17198,gif,32,32,创意_IDM,ALL,https://images.heaton.com.cn/download/675bdcdf082ad3.20454308,library/creative/17198.gif
creative,17199,gif,32,32,创意_IDM,ALL,https://images.heaton.com.cn/download/675bdcdf082b47.04325883,library/creative/17199.gif
creative,17200,gif,32,32,创意_IDM,ALL,https://images.heaton.com.cn/download/675bdcdf082ba5.29637637,library/creative/17200.gif
creative,17201,gif,32,32,创意_IDM,ALL,https://images.heaton.com.cn/download/675bdcdf082c10.83674403,library/creative/17201.gif
creative,17202,gif,32,32,创意_IDM,ALL,https://images.heaton.com.cn/download/675bdcdf082c79.76303262,library/creative/17202.gif
creative,17203,gif,32,32,创意_IDM,ALL,https://images.heaton.com.cn/download/675bdcdf082d13.50847055,library/creative/17203.gif
creative,17204,gif,32,32,创意_IDM,ALL,https://images.heaton.com.cn/download/675bdcdf082d80.62933182,library/creative/17204.gif
creative,17205,gif,32,32,创意_IDM,ALL,https://images.heaton.com.cn/download/675bdcdf082de4.27308038,library/creative/17205.gif
creative,17206,gif,32,32,创意_IDM,ALL,https://images.heaton.com.cn/download/675bdcdf082e57.62354401,library/creative/17206.gif
creative,17207,gif,32,32,创意_IDM,ALL,https://images.heaton.com.cn/download/675bdcdf082ec2.35855456,library/creative/17207.gif
creative,17208,gif,32,32,创意_IDM,ALL,https://images.heaton.com.cn/download/675bdcdf082f27.80286803,library/creative/17208.gif
creative,17209,gif,32,32,创意_IDM,ALL,https://images.heaton.com.cn/download/675bdcdf082f99.62871144,library/creative/17209.gif
creative,17210,gif,32,32,创意_IDM,ALL,https://images.heaton.com.cn/download/675bdcdf083010.46946749,library/creative/17210.gif
creative,17211,gif,32,32,创意_IDM,ALL,https://images.heaton.com.cn/download/675bdcdf083080.78590134,library/creative/17211.gif
creative,17212,gif,32,32,创意_IDM,ALL,https://images.heaton.com.cn/download/675bdcdf0830f4.47549038,library/creative/17212.gif
creative,17213,gif,32,32,创意_IDM,ALL,https://images.heaton.com.cn/download/675bdcdf083168.02148858,library/creative/17213.gif
creative,17214,gif,32,32,创意_IDM,ALL,https://images.heaton.com.cn/download/675bdcdf0831c8.09463649,library/creative/17214.gif
creative,17215,gif,32,32,创意_IDM,ALL,https://images.heaton.com.cn/download/675bdcdf083234.95027314,library/creative/17215.gif
creative,17216,gif,32,32,创意_IDM,ALL,https://images.heaton.com.cn/download/675bdcdf083290.89531805,library/creative/17216.gif
creative,17217,gif,32,32,创意_IDM,ALL,https://images.heaton.com.cn/download/675bdcdf083326.53611773,library/creative/17217.gif
creative,17218,gif,32,32,创意_IDM,ALL,https://images.heaton.com.cn/download/675bdcdf083381.97471099,library/creative/17218.gif
creative,17219,gif,32,32,创意_IDM,ALL,https://images.heaton.com.cn/download/675bdcdf0833f6.96508619,library/creative/17219.gif
creative,17220,gif,32,32,创意_IDM,ALL,https://images.heaton.com.cn/download/675bdcdf083469.68371938,library/creative/17220.gif
creative,17221,gif,32,32,创意_IDM,ALL,https://images.heaton.com.cn/download/675bdcdf0834d5.17003761,library/creative/17221.gif
creative,17222,gif,32,32,创意_IDM,ALL,https://images.heaton.com.cn/download/675bdcdf083533.45468327,library/creative/17222.gif
creative,17223,gif,32,32,创意_IDM,ALL,https://images.heaton.com.cn/download/675bdcdf0835c6.26883581,library/creative/17223.gif
creative,17224,gif,32,32,创意_IDM,ALL,https://images.heaton.com.cn/download/675bdcdf083634.35829249,library/creative/17224.gif
creative,17225,gif,32,32,创意_IDM,ALL,https://images.heaton.com.cn/download/675bdcdf083690.45159355,library/creative/17225.gif
creative,17226,gif,32,32,创意_IDM,ALL,https://images.heaton.com.cn/download/675bdcdf083706.22552622,library/creative/17226.gif
creative,17227,gif,32,32,创意_IDM,ALL,https://images.heaton.com.cn/download/675bdcdf083760.37546790,library/creative/17227.gif
creative,17228,gif,32,32,创意_IDM,ALL,https://images.heaton.com.cn/download/675bdcdf0837d2.86113202,library/creative/17228.gif
creative,17229,gif,32,32,创意_IDM,ALL,https://images.heaton.com.cn/download/675bdcdf083845.18539001,library/creative/17229.gif
creative,17230,gif,32,32,创意_IDM,ALL,https://images.heaton.com.cn/download/675bdcdf0838d2.68101121,library/creative/17230.gif
creative,17231,gif,32,32,创意_IDM,ALL,https://images.heaton.com.cn/download/675bdcdf083932.47365219,library/creative/17231.gif
creative,17232,gif,32,32,创意_IDM,ALL,https://images.heaton.com.cn/download/675bdcdf083998.51301365,library/creative/17232.gif
creative,17233,gif,32,32,创意_IDM,ALL,https://images.heaton.com.cn/download/675bdcdf083a02.27943111,library/creative/17233.gif
creative,17234,gif,32,32,创意_IDM,ALL,https://images.heaton.com.cn/download/675bdcdf083a71.28098384,library/creative/17234.gif
creative,17235,gif,32,32,创意_IDM,ALL,https://images.heaton.com.cn/download/675bdcdf083ad6.28685408,library/creative/17235.gif
creative,17236,gif,32,32,创意_IDM,ALL,https://images.heaton.com.cn/download/675bdcdf083ba3.67412749,library/creative/17236.gif
creative,17237,gif,32,32,创意_IDM,ALL,https://images.heaton.com.cn/download/675bdcdf083c08.96073951,library/creative/17237.gif
creative,17238,gif,32,32,创意_IDM,ALL,https://images.heaton.com.cn/download/675bdcdf083c68.34945121,library/creative/17238.gif
creative,17239,gif,32,32,创意_IDM,ALL,https://images.heaton.com.cn/download/675bdcdf083cd3.62496006,library/creative/17239.gif
creative,17240,gif,32,32,创意_IDM,ALL,https://images.heaton.com.cn/download/675bdcdf083d46.18275670,library/creative/17240.gif
creative,17241,gif,32,32,创意_IDM,ALL,https://images.heaton.com.cn/download/675bdcdf083da7.20289147,library/creative/17241.gif
creative,17242,gif,32,32,创意_IDM,ALL,https://images.heaton.com.cn/download/675bdcdf083e16.30664661,library/creative/17242.gif
creative,17243,gif,32,32,创意_IDM,ALL,https://images.heaton.com.cn/download/675bdcdf083eb6.01436117,library/creative/17243.gif
creative,17244,gif,32,32,创意_IDM,ALL,https://images.heaton.com.cn/download/675bdcdf083f22.76827574,library/creative/17244.gif
creative,17245,gif,32,32,创意_IDM,ALL,https://images.heaton.com.cn/download/675bdcdf083f92.76331375,library/creative/17245.gif
creative,17246,gif,32,32,创意_IDM,ALL,https://images.heaton.com.cn/download/675bdcdf083ff2.27146213,library/creative/17246.gif
creative,17247,gif,32,32,创意_IDM,ALL,https://images.heaton.com.cn/download/675bdcdf084064.02654080,library/creative/17247.gif
creative,17248,gif,32,32,创意_IDM,ALL,https://images.heaton.com.cn/download/675bdcdf0841a1.73822846,library/creative/17248.gif
creative,17249,gif,32,32,创意_IDM,ALL,https://images.heaton.com.cn/download/675bdcdf084231.03518850,library/creative/17249.gif
creative,17250,gif,32,32,创意_IDM,ALL,https://images.heaton.com.cn/download/675bdcdf0842a5.37705061,library/creative/17250.gif
creative,17251,gif,32,32,创意_IDM,ALL,https://images.heaton.com.cn/download/675bdcdf084304.74088075,library/creative/17251.gif
creative,17252,gif,32,32,创意_IDM,ALL,https://images.heaton.com.cn/download/675bdcdf084374.12542463,library/creative/17252.gif
creative,17253,gif,32,32,创意_IDM,ALL,https://images.heaton.com.cn/download/675bdcdf0843e7.10452954,library/creative/17253.gif
creative,17254,gif,32,32,创意_IDM,ALL,https://images.heaton.com.cn/download/675bdcdf084459.73951988,library/creative/17254.gif
creative,17255,gif,32,32,创意_IDM,ALL,https://images.heaton.com.cn/download/675bdcdf0844b0.24687029,library/creative/17255.gif
creative,17256,gif,32,32,创意_IDM,ALL,https://images.heaton.com.cn/download/675bdcdf084556.78458244,library/creative/17256.gif
creative,17257,gif,32,32,创意_IDM,ALL,https://images.heaton.com.cn/download/675bdcdf0845c4.17707870,library/creative/17257.gif
creative,17258,gif,32,32,创意_IDM,ALL,https://images.heaton.com.cn/download/675bdcdf084656.53725969,library/creative/17258.gif
creative,17259,gif,32,32,创意_IDM,ALL,https://images.heaton.com.cn/download/675bdcdf0846b3.65120358,library/creative/17259.gif
creative,17260,gif,32,32,创意_IDM,ALL,https://images.heaton.com.cn/download/675bdcdf084726.50030147,library/creative/17260.gif
creative,17261,gif,32,32,创意_IDM,ALL,https://images.heaton.com.cn/download/675bdcdf084791.94222551,library/creative/17261.gif
creative,17262,gif,32,32,创意_IDM,ALL,https://images.heaton.com.cn/download/675bdcdf084803.89651134,library/creative/17262.gif
creative,17263,gif,32,32,创意_IDM,ALL,https://images.heaton.com.cn/download/675bdcdf0848a1.96275863,library/creative/17263.gif
creative,17264,gif,32,32,创意_IDM,ALL,https://images.heaton.com.cn/download/675bdcdf084907.99395614,library/creative/17264.gif
creative,17265,gif,32,32,创意_IDM,ALL,https://images.heaton.com.cn/download/675bdcdf084979.53485734,library/creative/17265.gif
creative,17266,gif,32,32,创意_IDM,ALL,https://images.heaton.com.cn/download/675bdcdf0849d7.84241865,library/creative/17266.gif
creative,17267,gif,32,32,创意_IDM,ALL,https://images.heaton.com.cn/download/675bdcdf084a44.49131238,library/creative/17267.gif
creative,17268,gif,32,32,创意_IDM,ALL,https://images.heaton.com.cn/download/675bdcdf084b77.21463285,library/creative/17268.gif
creative,17269,gif,32,32,创意_IDM,ALL,https://images.heaton.com.cn/download/675bdcdf084c07.45071892,library/creative/17269.gif
creative,17270,gif,32,32,创意_IDM,ALL,https://images.heaton.com.cn/download/675bdcdf084c80.47693395,library/creative/17270.gif
creative,17271,gif,32,32,创意_IDM,ALL,https://images.heaton.com.cn/download/675bdcdf084ce2.30262293,library/creative/17271.gif
creative,17272,gif,32,32,创意_IDM,ALL,https://images.heaton.com.cn/download/675bdcdf084d59.23496485,library/creative/17272.gif
creative,17273,gif,32,32,创意_IDM,ALL,https://images.heaton.com.cn/download/675bdcdf084dc7.30610512,library/creative/17273.gif
creative,17274,gif,32,32,创意_IDM,ALL,https://images.heaton.com.cn/download/675bdcdf084e26.58259847,library/creative/17274.gif
creative,17275,gif,32,32,创意_IDM,ALL,https://images.heaton.com.cn/download/675bdcdf084e94.14211616,library/creative/17275.gif
creative,17276,gif,32,32,创意_IDM,ALL,https://images.heaton.com.cn/download/675bdcdf084f26.74251897,library/creative/17276.gif
creative,17277,gif,32,32,创意_IDM,ALL,https://images.heaton.com.cn/download/675bdcdf084f86.46434890,library/creative/17277.gif
creative,17278,gif,32,32,创意_IDM,ALL,https://images.heaton.com.cn/download/675bdcdf084ff4.98751120,library/creative/17278.gif
creative,17279,gif,32,32,创意_IDM,ALL,https://images.heaton.com.cn/download/675bdcdf085056.29120056,library/creative/17279.gif
creative,17280,gif,32,32,创意_IDM,ALL,https://images.heaton.com.cn/download/675bdcdf0850c5.91684776,library/creative/17280.gif
creative,17281,gif,32,32,创意_IDM,ALL,https://images.heaton.com.cn/download/675bdcdf085135.09442171,library/creative/17281.gif
creative,17282,gif,32,32,创意_IDM,ALL,https://images.heaton.com.cn/download/675bdcdf0851c0.77290645,library/creative/17282.gif
creative,17283,gif,32,32,创意_IDM,ALL,https://images.heaton.com.cn/download/675bdcdf085235.08386597,library/creative/17283.gif
creative,17284,gif,32,32,创意_IDM,ALL,https://images.heaton.com.cn/download/675bdcdf0852a9.07485485,library/creative/17284.gif
creative,17285,gif,32,32,创意_IDM,ALL,https://images.heaton.com.cn/download/675bdcdf085307.74111695,library/creative/17285.gif
creative,17286,gif,32,32,创意_IDM,ALL,https://images.heaton.com.cn/download/675bdcdf085378.13439729,library/creative/17286.gif
creative,17287,gif,32,32,创意_IDM,ALL,https://images.heaton.com.cn/download/675bdcdf0853d2.28373524,library/creative/17287.gif
creative,17288,gif,32,32,创意_IDM,ALL,https://images.heaton.com.cn/download/675bdcdf085456.43085469,library/creative/17288.gif
creative,17289,gif,32,32,创意_IDM,ALL,https://images.heaton.com.cn/download/675bdcdf0854e4.35551839,library/creative/17289.gif
creative,17290,gif,32,32,创意_IDM,ALL,https://images.heaton.com.cn/download/675bdcdf085550.31323235,library/creative/17290.gif
creative,17291,gif,32,32,创意_IDM,ALL,https://images.heaton.com.cn/download/675bdcdf0855c4.66743542,library/creative/17291.gif
creative,17292,gif,32,32,创意_IDM,ALL,https://images.heaton.com.cn/download/675bdcdf085630.52236938,library/creative/17292.gif
creative,17293,gif,32,32,创意_IDM,ALL,https://images.heaton.com.cn/download/675bdcdf085696.54126105,library/creative/17293.gif
creative,17294,gif,32,32,创意_IDM,ALL,https://images.heaton.com.cn/download/675bdcdf085701.61101309,library/creative/17294.gif
creative,17295,gif,32,32,创意_IDM,ALL,https://images.heaton.com.cn/download/675bdcdf085862.52555238,library/creative/17295.gif
creative,17296,gif,32,32,创意_IDM,ALL,https://images.heaton.com.cn/download/675bdcdf0858d3.29449258,library/creative/17296.gif
creative,17297,gif,32,32,创意_IDM,ALL,https://images.heaton.com.cn/download/675bdcdf085945.67502301,library/creative/17297.gif
creative,17298,gif,32,32,创意_IDM,ALL,https://images.heaton.com.cn/download/675bdcdf0859a2.77297320,library/creative/17298.gif
creative,17299,gif,32,32,创意_IDM,ALL,https://images.heaton.com.cn/download/675bdcdf085a10.33979270,library/creative/17299.gif
creative,17300,gif,32,32,创意_IDM,ALL,https://images.heaton.com.cn/download/675bdcdf085a72.39591117,library/creative/17300.gif
creative,17301,gif,32,32,创意_IDM,ALL,https://images.heaton.com.cn/download/675bdcdf085ae4.69477226,library/creative/17301.gif
creative,17302,gif,32,32,创意_IDM,ALL,https://images.heaton.com.cn/download/675bdcdf085b70.69599157,library/creative/17302.gif
creative,17303,gif,32,32,创意_IDM,ALL,https://images.heaton.com.cn/download/675bdcdf085be5.37362092,library/creative/17303.gif
creative,17304,gif,32,32,创意_IDM,ALL,https://images.heaton.com.cn/download/675bdcdf085c56.04947080,library/creative/17304.gif
creative,17305,gif,32,32,创意_IDM,ALL,https://images.heaton.com.cn/download/675bdcdf085cc8.33620641,library/creative/17305.gif
creative,17306,gif,32,32,创意_IDM,ALL,https://images.heaton.com.cn/download/675bdcdf085d39.61366195,library/creative/17306.gif
creative,17307,gif,32,32,创意_IDM,ALL,https://images.heaton.com.cn/download/675bdcdf085d97.26544055,library/creative/17307.gif
creative,17308,gif,32,32,创意_IDM,ALL,https://images.heaton.com.cn/download/675bdcdf085e35.32535652,library/creative/17308.gif
creative,17309,gif,32,32,创意_IDM,ALL,https://images.heaton.com.cn/download/675bdcdf085ea0.89235364,library/creative/17309.gif
creative,17310,gif,32,32,创意_IDM,ALL,https://images.heaton.com.cn/download/675bdcdf085f13.98974646,library/creative/17310.gif
creative,17311,gif,32,32,创意_IDM,ALL,https://images.heaton.com.cn/download/675bdcdf085f79.45466075,library/creative/17311.gif
creative,17312,gif,32,32,创意_IDM,ALL,https://images.heaton.com.cn/download/675bdcdf085fe9.93526334,library/creative/17312.gif
creative,17313,gif,32,32,创意_IDM,ALL,https://images.heaton.com.cn/download/675bdcdf086046.61666804,library/creative/17313.gif
creative,17314,gif,32,32,创意_IDM,ALL,https://images.heaton.com.cn/download/675bdcdf0860b4.96399889,library/creative/17314.gif
creative,17315,gif,32,32,创意_IDM,ALL,https://images.heaton.com.cn/download/675bdcdf086134.48581278,library/creative/17315.gif
creative,17316,gif,32,32,创意_IDM,ALL,https://images.heaton.com.cn/download/675bdcdf0861a7.96344766,library/creative/17316.gif
creative,17317,gif,32,32,创意_IDM,ALL,https://images.heaton.com.cn/download/675bdcdf086213.87700082,library/creative/17317.gif
creative,17318,gif,32,32,创意_IDM,ALL,https://images.heaton.com.cn/download/675bdcdf086281.30961558,library/creative/17318.gif
creative,17319,gif,32,32,创意_IDM,ALL,https://images.heaton.com.cn/download/675bdcdf0862f8.48478372,library/creative/17319.gif
creative,17320,gif,32,32,创意_IDM,ALL,https://images.heaton.com.cn/download/675bdcdf086357.29544902,library/creative/17320.gif
creative,17321,gif,32,32,创意_IDM,ALL,https://images.heaton.com.cn/download/675bdcdf0863e5.71866296,library/creative/17321.gif
creative,17322,gif,32,32,创意_IDM,ALL,https://images.heaton.com.cn/download/675bdcdf086440.65534756,library/creative/17322.gif
creative,17323,gif,32,32,创意_IDM,ALL,https://images.heaton.com.cn/download/675bdcdf0864b9.20792513,library/creative/17323.gif
creative,17324,gif,32,32,创意_IDM,ALL,https://images.heaton.com.cn/download/675bdcdf086516.74203492,library/creative/17324.gif
creative,17325,gif,32,32,创意_IDM,ALL,https://images.heaton.com.cn/download/675bdcdf086586.50645024,library/creative/17325.gif
creative,17326,gif,32,32,创意_IDM,ALL,https://images.heaton.com.cn/download/675bdcdf0865e3.03763208,library/creative/17326.gif
creative,17327,gif,32,32,创意_IDM,ALL,https://images.heaton.com.cn/download/675bdcdf086654.13867619,library/creative/17327.gif
creative,17328,gif,32,32,创意_IDM,ALL,https://images.heaton.com.cn/download/675bdcdf0866e3.78775390,library/creative/17328.gif
creative,17329,gif,32,32,创意_IDM,ALL,https://images.heaton.com.cn/download/675bdcdf086759.90185958,library/creative/17329.gif
creative,17330,gif,32,32,创意_IDM,ALL,https://images.heaton.com.cn/download/675bdcdf0867c6.19102914,library/creative/17330.gif
creative,17331,gif,32,32,创意_IDM,ALL,https://images.heaton.com.cn/download/675bdcdf086821.64752603,library/creative/17331.gif
creative,17332,gif,32,32,创意_IDM,ALL,https://images.heaton.com.cn/download/675bdcdf086896.56649833,library/creative/17332.gif
creative,17333,gif,32,32,创意_IDM,ALL,https://images.heaton.com.cn/download/675bdcdf0868f1.63803505,library/creative/17333.gif
creative,17334,gif,32,32,创意_IDM,ALL,https://images.heaton.com.cn/download/675bdcdf086968.52802702,library/creative/17334.gif
creative,17335,gif,32,32,创意_IDM,ALL,https://images.heaton.com.cn/download/675bdcdf0869f6.03268416,library/creative/17335.gif
creative,17336,gif,32,32,创意_IDM,ALL,https://images.heaton.com.cn/download/675bdcdf086a51.10217935,library/creative/17336.gif
creative,17337,gif,32,32,创意_IDM,ALL,https://images.heaton.com.cn/download/675bdcdf086ac3.37895750,library/creative/17337.gif
creative,17338,gif,32,32,创意_IDM,ALL,https://images.heaton.com.cn/download/675bdcdf086b27.63803021,library/creative/17338.gif
creative,17339,gif,32,32,创意_IDM,ALL,https://images.heaton.com.cn/download/675bdcdf086ba1.58055596,library/creative/17339.gif
creative,17340,gif,32,32,创意_IDM,ALL,https://images.heaton.com.cn/download/675bdcdf086c16.31546715,library/creative/17340.gif
creative,17341,gif,32,32,创意_IDM,ALL,https://images.heaton.com.cn/download/675bdcdf086c91.36631823,library/creative/17341.gif
creative,17342,gif,32,32,创意_IDM,ALL,https://images.heaton.com.cn/download/675bdcdf086d01.47419006,library/creative/17342.gif
creative,17343,gif,32,32,创意_IDM,ALL,https://images.heaton.com.cn/download/675bdcdf086d65.85826750,library/creative/17343.gif
creative,17344,gif,32,32,创意_IDM,ALL,https://images.heaton.com.cn/download/675bdcdf086dd5.20989439,library/creative/17344.gif
creative,17345,gif,32,32,创意_IDM,ALL,https://images.heaton.com.cn/download/675bdcdf086e37.97593246,library/creative/17345.gif
creative,17346,gif,32,32,创意_IDM,ALL,https://images.heaton.com.cn/download/675bdcdf086ea8.88693595,library/creative/17346.gif
creative,17347,gif,32,32,创意_IDM,ALL,https://images.heaton.com.cn/download/675bdcdf086f05.38145771,library/creative/17347.gif
creative,17348,gif,32,32,创意_IDM,ALL,https://images.heaton.com.cn/download/675bdcdf086f91.59449801,library/creative/17348.gif
creative,17349,gif,32,32,创意_IDM,ALL,https://images.heaton.com.cn/download/675bdcdf087008.53640610,library/creative/17349.gif
creative,17350,gif,32,32,创意_IDM,ALL,https://images.heaton.com.cn/download/675bdcdf087066.05490364,library/creative/17350.gif
creative,17351,gif,32,32,创意_IDM,ALL,https://images.heaton.com.cn/download/675bdcdf0870d3.70625129,library/creative/17351.gif
creative,17352,gif,32,32,创意_IDM,ALL,https://images.heaton.com.cn/download/675bdcdf087133.95538588,library/creative/17352.gif
creative,17353,gif,32,32,创意_IDM,ALL,https://images.heaton.com.cn/download/675bdcdf0871a5.74194483,library/creative/17353.gif
creative,17354,gif,32,32,创意_IDM,ALL,https://images.heaton.com.cn/download/675bdcdf087237.38481662,library/creative/17354.gif
creative,17355,gif,32,32,创意_IDM,ALL,https://images.heaton.com.cn/download/675bdcdf0872a2.81706346,library/creative/17355.gif
creative,17356,gif,32,32,创意_IDM,ALL,https://images.heaton.com.cn/download/675bdcdf087317.77252394,library/creative/17356.gif
creative,17357,gif,32,32,创意_IDM,ALL,https://images.heaton.com.cn/download/675bdcdf087385.26378162,library/creative/17357.gif
creative,17358,gif,32,32,创意_IDM,ALL,https://images.heaton.com.cn/download/675bdcdf0873f6.35709192,library/creative/17358.gif
creative,17359,gif,32,32,创意_IDM,ALL,https://images.heaton.com.cn/download/675bdcdf087462.32456581,library/creative/17359.gif
creative,17360,gif,32,32,创意_IDM,ALL,https://images.heaton.com.cn/download/675bdcdf0874c7.06584393,library/creative/17360.gif
creative,17361,gif,32,32,创意_IDM,ALL,https://images.heaton.com.cn/download/675bdcdf087554.00169806,library/creative/17361.gif
creative,17362,gif,32,32,创意_IDM,ALL,https://images.heaton.com.cn/download/675bdcdf0875d3.10889389,library/creative/17362.gif
creative,17363,gif,32,32,创意_IDM,ALL,https://images.heaton.com.cn/download/675bdcdf087649.72806406,library/creative/17363.gif
creative,17364,gif,32,32,创意_IDM,ALL,https://images.heaton.com.cn/download/675bdcdf0876b4.47216720,library/creative/17364.gif
creative,17365,gif,32,32,创意_IDM,ALL,https://images.heaton.com.cn/download/675bdcdf087723.93467159,library/creative/17365.gif
creative,17366,gif,32,32,创意_IDM,ALL,https://images.heaton.com.cn/download/675bdcdf087785.60517938,library/creative/17366.gif
creative,17367,gif,32,32,创意_IDM,ALL,https://images.heaton.com.cn/download/675bdcdf087810.69114665,library/creative/17367.gif
creative,17368,gif,32,32,创意_IDM,ALL,https://images.heaton.com.cn/download/675bdcdf087885.28139670,library/creative/17368.gif
creative,17369,gif,32,32,创意_IDM,ALL,https://images.heaton.com.cn/download/675bdcdf0878f6.23007960,library/creative/17369.gif
creative,17370,gif,32,32,创意_IDM,ALL,https://images.heaton.com.cn/download/675bdcdf087961.92579402,library/creative/17370.gif
creative,17371,gif,32,32,创意_IDM,ALL,https://images.heaton.com.cn/download/675bdcdf0879c1.42106989,library/creative/17371.gif
creative,17372,gif,32,32,创意_IDM,ALL,https://images.heaton.com.cn/download/675bdcdf087a43.91648664,library/creative/17372.gif
creative,17373,gif,32,32,创意_IDM,ALL,https://images.heaton.com.cn/download/675bdcdf087aa9.63522428,library/creative/17373.gif
creative,17374,gif,32,32,创意_IDM,ALL,https://images.heaton.com.cn/download/675bdcdf087b46.37949548,library/creative/17374.gif
creative,17375,gif,32,32,创意_IDM,ALL,https://images.heaton.com.cn/download/675bdcdf087ba9.87980895,library/creative/17375.gif
creative,17376,gif,32,32,创意_IDM,ALL,https://images.heaton.com.cn/download/675bdcdf087c12.48161476,library/creative/17376.gif
creative,17377,gif,32,32,创意_IDM,ALL,https://images.heaton.com.cn/download/675bdcdf087c86.53375954,library/creative/17377.gif
creative,17378,gif,32,32,创意_IDM,ALL,https://images.heaton.com.cn/download/675bdcdf087cf3.31474708,library/creative/17378.gif
creative,17379,gif,32,32,创意_IDM,ALL,https://images.heaton.com.cn/download/675bdcdf087d68.63459111,library/creative/17379.gif
creative,17380,gif,32,32,创意_IDM,ALL,https://images.heaton.com.cn/download/675bdcdf087dc2.04653544,library/creative/17380.gif
creative,17381,gif,32,32,创意_IDM,ALL,https://images.heaton.com.cn/download/675bdcdf087e72.31079216,library/creative/17381.gif
creative,17382,gif,32,32,创意_IDM,ALL,https://images.heaton.com.cn/download/675bdcdf087ed0.28816100,library/creative/17382.gif
creative,17383,gif,32,32,创意_IDM,ALL,https://images.heaton.com.cn/download/675bdcdf087fe1.38499185,library/creative/17383.gif
business,17435,gif,32,32,商业_IDM,ALL,https://images.heaton.com.cn/download/675bdcdf0af133.97527197,library/business/17435.gif
business,17436,gif,32,32,商业_IDM,ALL,https://images.heaton.com.cn/download/675bdcdf0af1a6.57331531,library/business/17436.gif
business,17437,gif,32,32,商业_IDM,ALL,https://images.heaton.com.cn/download/675bdcdf0af209.80066536,library/business/17437.gif
business,17438,gif,32,32,商业_IDM,ALL,https://images.heaton.com.cn/download/675bdcdf0af273.41123316,library/business/17438.gif
business,17439,gif,32,32,商业_IDM,ALL,https://images.heaton.com.cn/download/675bdcdf0af2e3.06612697,library/business/17439.gif
business,17440,gif,32,32,商业_IDM,ALL,https://images.heaton.com.cn/download/675bdcdf0af396.42326395,library/business/17440.gif
business,17441,gif,32,32,商业_IDM,ALL,https://images.heaton.com.cn/download/675bdcdf0af3f0.41368245,library/business/17441.gif
business,17442,gif,32,32,商业_IDM,ALL,https://images.heaton.com.cn/download/675bdcdf0af469.76969461,library/business/17442.gif
business,17443,gif,32,32,商业_IDM,ALL,https://images.heaton.com.cn/download/675bdcdf0af4d4.36427382,library/business/17443.gif
business,17444,gif,32,32,商业_IDM,ALL,https://images.heaton.com.cn/download/675bdcdf0af535.86615488,library/business/17444.gif
business,17445,gif,32,32,商业_IDM,ALL,https://images.heaton.com.cn/download/675bdcdf0af5a9.64724177,library/business/17445.gif
business,17446,gif,32,32,商业_IDM,ALL,https://images.heaton.com.cn/download/675bdcdf0af632.26528824,library/business/17446.gif
business,17447,gif,32,32,商业_IDM,ALL,https://images.heaton.com.cn/download/675bdcdf0af6a9.69755669,library/business/17447.gif
business,17448,gif,32,32,商业_IDM,ALL,https://images.heaton.com.cn/download/675bdcdf0af719.65894277,library/business/17448.gif
business,17449,gif,32,32,商业_IDM,ALL,https://images.heaton.com.cn/download/675bdcdf0af782.16505700,library/business/17449.gif
business,17450,gif,32,32,商业_IDM,ALL,https://images.heaton.com.cn/download/675bdcdf0af7f7.61367563,library/business/17450.gif
business,17451,gif,32,32,商业_IDM,ALL,https://images.heaton.com.cn/download/675bdcdf0af857.31058829,library/business/17451.gif
business,17452,gif,32,32,商业_IDM,ALL,https://images.heaton.com.cn/download/675bdcdf0af8c9.57565560,library/business/17452.gif
business,17453,gif,32,32,商业_IDM,ALL,https://images.heaton.com.cn/download/675bdcdf0af958.49265468,library/business/17453.gif
business,17454,gif,32,32,商业_IDM,ALL,https://images.heaton.com.cn/download/675bdcdf0af9c4.29359031,library/business/17454.gif
business,17455,gif,32,32,商业_IDM,ALL,https://images.heaton.com.cn/download/675bdcdf0afae9.86243405,library/business/17455.gif
business,17456,gif,32,32,商业_IDM,ALL,https://images.heaton.com.cn/download/675bdcdf0afb53.97715262,library/business/17456.gif
business,17457,gif,32,32,商业_IDM,ALL,https://images.heaton.com.cn/download/675bdcdf0afbc5.08352551,library/business/17457.gif
business,17458,gif,32,32,商业_IDM,ALL,https://images.heaton.com.cn/download/675bdcdf0afc29.27814484,library/business/17458.gif
business,17459,gif,32,32,商业_IDM,ALL,https://images.heaton.com.cn/download/675bdcdf0afcb9.46325109,library/business/17459.gif
business,17460,gif,32,32,商业_IDM,ALL,https://images.heaton.com.cn/download/675bdcdf0afd30.16453010,library/business/17460.gif
business,17461,gif,32,32,商业_IDM,ALL,https://images.heaton.com.cn/download/675bdcdf0afd94.63420725,library/business/17461.gif
business,17462,gif,32,32,商业_IDM,ALL,https://images.heaton.com.cn/download/675bdcdf0afe07.36488783,library/business/17462.gif
business,17463,gif,32,32,商业_IDM,ALL,https://images.heaton.com.cn/download/675bdcdf0afe66.09083631,library/business/17463.gif
business,17464,gif,32,32,商业_IDM,ALL,https://images.heaton.com.cn/download/675bdcdf0afed5.09083201,library/business/17464.gif
business,17465,gif,32,32,商业_IDM,ALL,https://images.heaton.com.cn/download/675bdcdf0aff37.06569373,library/business/17465.gif
business,17466,gif,32,32,商业_IDM,ALL,https://images.heaton.com.cn/download/675bdcdf0affd1.73754805,library/business/17466.gif
business,17467,gif,32,32,商业_IDM,ALL,https://images.heaton.com.cn/download/675bdcdf0b0034.51677565,library/business/17467.gif
business,17468,gif,32,32,商业_IDM,ALL,https://images.heaton.com.cn/download/675bdcdf0b00a5.99369493,library/business/17468.gif
business,17469,gif,32,32,商业_IDM,ALL,https://images.heaton.com.cn/download/675bdcdf0b0112.32284173,library/business/17469.gif
business,17470,gif,32,32,商业_IDM,ALL,https://images.heaton.com.cn/download/675bdcdf0b0179.30723262,library/business/17470.gif
business,17471,gif,32,32,商业_IDM,ALL,https://images.heaton.com.cn/download/675bdcdf0b01e8.38231643,library/business/17471.gif
business,17472,gif,32,32,商业_IDM,ALL,https://images.heaton.com.cn/download/675bdcdf0b0287.26043015,library/business/17472.gif
business,17473,gif,32,32,商业_IDM,ALL,https://images.heaton.com.cn/download/675bdcdf0b02f4.15677661,library/business/17473.gif
business,17474,gif,32,32,商业_IDM,ALL,https://images.heaton.com.cn/download/675bdcdf0b0369.65587338,library/business/17474.gif
