category,file_id,format,width,height,category_name,label,file_path,local,name,description
daily,16442,png,16,16,日常_IDM,ALL,https://images.heaton.com.cn/download/675bdcdf070b51.00169760,library_images_16/daily/16442.png,airplane,A white airplane on a teal background. Air-travel icon.
daily,16443,png,16,16,日常_IDM,ALL,https://images.heaton.com.cn/download/675bdcdf070ba3.52668954,library_images_16/daily/16443.png,green-frog,A green frog face (Keroppi-style) on a blue background. Cute amphibian.
daily,16444,png,16,16,日常_IDM,ALL,https://images.heaton.com.cn/download/675bdcdf070be4.01786097,library_images_16/daily/16444.png,santa-kid,A child in a Santa hat on a dark background. Festive kid.
daily,16445,png,16,16,日常_IDM,ALL,https://images.heaton.com.cn/download/675bdcdf070c26.97683109,library_images_16/daily/16445.png,yellow-drink,A yellow drink/cup with steam on a purple background. Hot beverage.
daily,16446,png,16,16,日常_IDM,ALL,https://images.heaton.com.cn/download/675bdcdf070c68.60688702,library_images_16/daily/16446.png,classroom,"A teacher at a green blackboard, a classroom scene. School motif."
daily,16447,png,16,16,日常_IDM,ALL,https://images.heaton.com.cn/download/675bdcdf070c91.77710335,library_images_16/daily/16447.png,garden,A garden/landscape with trees and plants. Outdoor scene.
daily,16448,png,16,16,日常_IDM,ALL,https://images.heaton.com.cn/download/675bdcdf070cd1.13515363,library_images_16/daily/16448.png,red-flag,A red flag on a pole on a green background. Flag/marker motif.
daily,16449,png,16,16,日常_IDM,ALL,https://images.heaton.com.cn/download/675bdcdf070d19.09290260,library_images_16/daily/16449.png,carrot,An orange carrot on a dark background. Vegetable icon.
daily,16450,png,16,16,日常_IDM,ALL,https://images.heaton.com.cn/download/675bdcdf070d57.45984542,library_images_16/daily/16450.png,pineapple,A yellow pineapple on a purple background. Tropical fruit.
daily,16451,png,16,16,日常_IDM,ALL,https://images.heaton.com.cn/download/675bdcdf070d91.82286742,library_images_16/daily/16451.png,green-shirt-man,A man in a green shirt on a blue background. Person portrait.
daily,16452,png,16,16,日常_IDM,ALL,https://images.heaton.com.cn/download/675bdcdf070dd2.09857828,library_images_16/daily/16452.png,couple,A man and woman couple on a white background. Romance scene.
daily,16453,png,16,16,日常_IDM,ALL,https://images.heaton.com.cn/download/675bdcdf070e12.19108406,library_images_16/daily/16453.png,sunset-landscape,A pink sunset landscape on a blue background. Scenery.
daily,16454,png,16,16,日常_IDM,ALL,https://images.heaton.com.cn/download/675bdcdf070e63.04244259,library_images_16/daily/16454.png,rainbow-cat,A white cat/rabbit against a rainbow background. Colorful animal scene.
daily,16455,png,16,16,日常_IDM,ALL,https://images.heaton.com.cn/download/675bdcdf070f79.78946189,library_images_16/daily/16455.png,strawberries,A pattern of red strawberries on a green background. Fruit motif.
daily,16456,png,16,16,日常_IDM,ALL,https://images.heaton.com.cn/download/675bdcdf070fc1.30860782,library_images_16/daily/16456.png,pink-abstract,A pink abstract/heart shape on a pink background. Soft motif.
daily,16457,png,16,16,日常_IDM,ALL,https://images.heaton.com.cn/download/675bdcdf071008.56477714,library_images_16/daily/16457.png,checker,A red-and-blue checkered pattern on a light background. Geometric design.
daily,16458,png,16,16,日常_IDM,ALL,https://images.heaton.com.cn/download/675bdcdf071046.33861098,library_images_16/daily/16458.png,sprout,A white plant/sprout on a blue background. Growth motif.
daily,16459,png,16,16,日常_IDM,ALL,https://images.heaton.com.cn/download/675bdcdf071080.33693525,library_images_16/daily/16459.png,aquarium,A blue aquarium/fish tank scene on a dark background. Underwater vignette.
daily,16460,png,16,16,日常_IDM,ALL,https://images.heaton.com.cn/download/675bdcdf0710c0.71799822,library_images_16/daily/16460.png,blue-sword,A glowing blue sword/crystal on a dark background. Weapon/gem motif.
daily,16461,png,16,16,日常_IDM,ALL,https://images.heaton.com.cn/download/675bdcdf071104.55465614,library_images_16/daily/16461.png,white-bird,A white duck/bird on a dark background. Bird portrait.
daily,16462,png,16,16,日常_IDM,ALL,https://images.heaton.com.cn/download/675bdcdf071162.63272563,library_images_16/daily/16462.png,gray-device,A gray phone/device with a skull on a green background. Tech motif.
daily,16463,png,16,16,日常_IDM,ALL,https://images.heaton.com.cn/download/675bdcdf0711a7.64274908,library_images_16/daily/16463.png,red-scene,A red scene with white dots (cherries/snow) on red. Festive motif.
daily,16464,png,16,16,日常_IDM,ALL,https://images.heaton.com.cn/download/675bdcdf0712c6.04612781,library_images_16/daily/16464.png,whale,A purple whale on a blue background. Sea mammal.
daily,16465,png,16,16,日常_IDM,ALL,https://images.heaton.com.cn/download/675bdcdf071327.51331490,library_images_16/daily/16465.png,snow-tree,A snow-covered mushroom/tree on a blue background. Winter scene.
daily,16466,png,16,16,日常_IDM,ALL,https://images.heaton.com.cn/download/675bdcdf071380.41090591,library_images_16/daily/16466.png,cloud,A gray cloud on a red background. Weather motif.
daily,16467,png,16,16,日常_IDM,ALL,https://images.heaton.com.cn/download/675bdcdf0713e3.15571249,library_images_16/daily/16467.png,purple-monster,A purple monster/bat creature on a dark background. Spooky creature.
daily,16468,png,16,16,日常_IDM,ALL,https://images.heaton.com.cn/download/675bdcdf071457.60882912,library_images_16/daily/16468.png,night-city,A city skyline at night with a moon on a dark background. Urban scene.
daily,16469,png,16,16,日常_IDM,ALL,https://images.heaton.com.cn/download/675bdcdf0714b1.11111081,library_images_16/daily/16469.png,cherry-blossom,A pink cherry-blossom tree on a gray background. Spring scene.
daily,16470,png,16,16,日常_IDM,ALL,https://images.heaton.com.cn/download/675bdcdf071508.61244902,library_images_16/daily/16470.png,white-goose,A white duck/goose on a dark background. Bird portrait.
daily,16471,png,16,16,日常_IDM,ALL,https://images.heaton.com.cn/download/675bdcdf071555.57654425,library_images_16/daily/16471.png,armored-bear,A brown bear/lion in armor on a green background. Warrior animal.
daily,16472,png,16,16,日常_IDM,ALL,https://images.heaton.com.cn/download/675bdcdf0715b4.24194833,library_images_16/daily/16472.png,sleeping-cat,A black cat sleeping on a teal background. Resting kitty.
daily,16473,png,16,16,日常_IDM,ALL,https://images.heaton.com.cn/download/675bdcdf071603.51324861,library_images_16/daily/16473.png,red-window,A red window/gift with panes on a green background. Festive motif.
daily,16474,png,16,16,日常_IDM,ALL,https://images.heaton.com.cn/download/675bdcdf071657.95859280,library_images_16/daily/16474.png,snow-globe,A snowy planet/globe on a teal background. Wintry sphere.
daily,16475,png,16,16,日常_IDM,ALL,https://images.heaton.com.cn/download/675bdcdf0716d8.25585818,library_images_16/daily/16475.png,pink-pig,A pink pig face on a pink background. Cute farm animal.
daily,16476,png,16,16,日常_IDM,ALL,https://images.heaton.com.cn/download/675bdcdf071717.09567711,library_images_16/daily/16476.png,frog,A green frog face on a green background. Amphibian.
daily,16477,png,16,16,日常_IDM,ALL,https://images.heaton.com.cn/download/675bdcdf071754.67108139,library_images_16/daily/16477.png,red-plane,A red plane/bird on a dark background. Flying object.
daily,16478,png,16,16,日常_IDM,ALL,https://images.heaton.com.cn/download/675bdcdf071795.37979009,library_images_16/daily/16478.png,brown-dog,A brown puppy/dog face on a blue background. Cute canine.
daily,16479,png,16,16,日常_IDM,ALL,https://images.heaton.com.cn/download/675bdcdf0717d0.63906372,library_images_16/daily/16479.png,night-moon,A night scene with a moon and a cat on a dark background. Nocturnal vignette.
daily,16480,png,16,16,日常_IDM,ALL,https://images.heaton.com.cn/download/675bdcdf071818.48587181,library_images_16/daily/16480.png,white-ghost,A white ghost on a dark background. Spooky spirit.
daily,16481,png,16,16,日常_IDM,ALL,https://images.heaton.com.cn/download/675bdcdf071876.52305223,library_images_16/daily/16481.png,parrot,A red-and-green parrot on a cyan background. Tropical bird.
daily,16482,png,16,16,日常_IDM,ALL,https://images.heaton.com.cn/download/675bdcdf0718b8.37712798,library_images_16/daily/16482.png,dog-face,A brown dog face on a gray background. Canine portrait.
daily,16483,png,16,16,日常_IDM,ALL,https://images.heaton.com.cn/download/675bdcdf0718f8.36686124,library_images_16/daily/16483.png,black-cat,A black cat with yellow eyes on a dark background. Spooky kitty.
daily,16484,png,16,16,日常_IDM,ALL,https://images.heaton.com.cn/download/675bdcdf071936.55272260,library_images_16/daily/16484.png,fox,An orange fox/squirrel face on a tan background. Woodland animal.
daily,16485,png,16,16,日常_IDM,ALL,https://images.heaton.com.cn/download/675bdcdf071974.12963494,library_images_16/daily/16485.png,brown-cat,A brown cat/wolf on a blue background. Animal portrait.
daily,16486,png,16,16,日常_IDM,ALL,https://images.heaton.com.cn/download/675bdcdf0719b8.39652684,library_images_16/daily/16486.png,blue-marble,A blue glass marble/bubble on a green background. Shiny sphere.
daily,16487,png,16,16,日常_IDM,ALL,https://images.heaton.com.cn/download/675bdcdf0719f2.58181835,library_images_16/daily/16487.png,green-monster,A green frog/monster on a dark background. Goofy creature.
daily,16488,png,16,16,日常_IDM,ALL,https://images.heaton.com.cn/download/675bdcdf071a50.53834906,library_images_16/daily/16488.png,tan-cat,A tan cat/raccoon face with whiskers on dark. Cute animal portrait.
daily,16489,png,16,16,日常_IDM,ALL,https://images.heaton.com.cn/download/675bdcdf071a92.22581508,library_images_16/daily/16489.png,santa-cat,A gray cat in a Santa hat on a teal background. Festive pet.
daily,16490,png,16,16,日常_IDM,ALL,https://images.heaton.com.cn/download/675bdcdf071ac7.25011304,library_images_16/daily/16490.png,violin,A violin/cello instrument on a tan background. Music motif.
daily,16491,png,16,16,日常_IDM,ALL,https://images.heaton.com.cn/download/675bdcdf071b02.94767970,library_images_16/daily/16491.png,white-smiley,A round white smiling face on a blue background. Happy emoji.
daily,16492,png,16,16,日常_IDM,ALL,https://images.heaton.com.cn/download/675bdcdf071b39.83301128,library_images_16/daily/16492.png,giraffe,A yellow giraffe on a purple background. Tall savanna animal.
daily,16493,png,16,16,日常_IDM,ALL,https://images.heaton.com.cn/download/675bdcdf071b72.95312737,library_images_16/daily/16493.png,gray-cat,A gray cat/wolf face on a dark background. Feline portrait.
daily,16494,png,16,16,日常_IDM,ALL,https://images.heaton.com.cn/download/675bdcdf071bb8.34354215,library_images_16/daily/16494.png,santa-man,A man in a red Santa hat on a red background. Christmas character.
daily,16495,png,16,16,日常_IDM,ALL,https://images.heaton.com.cn/download/675bdcdf071c06.94447360,library_images_16/daily/16495.png,horse-head,A yellow horse/knight head on a blue background. Chess/equine motif.
daily,16496,png,16,16,日常_IDM,ALL,https://images.heaton.com.cn/download/675bdcdf071c45.65034840,library_images_16/daily/16496.png,santa-dog,A brown dog in a Santa hat on a blue background. Festive pet.
daily,16497,png,16,16,日常_IDM,ALL,https://images.heaton.com.cn/download/675bdcdf071c89.99919628,library_images_16/daily/16497.png,snowy-tree,A white snow-covered tree on a blue background. Winter scene.
daily,16498,png,16,16,日常_IDM,ALL,https://images.heaton.com.cn/download/675bdcdf071cc1.90651202,library_images_16/daily/16498.png,rabbit,A tan rabbit/bunny on a pink background. Cute animal.
daily,16499,png,16,16,日常_IDM,ALL,https://images.heaton.com.cn/download/675bdcdf071d06.76003062,library_images_16/daily/16499.png,tomato,A red tomato on a dark background. Vegetable icon.
daily,16500,png,16,16,日常_IDM,ALL,https://images.heaton.com.cn/download/675bdcdf071d42.70049844,library_images_16/daily/16500.png,stocking,A red Christmas stocking on a blue background. Festive decoration.
daily,16501,png,16,16,日常_IDM,ALL,https://images.heaton.com.cn/download/675bdcdf071da9.31773530,library_images_16/daily/16501.png,among-us,A green Among Us crewmate on a white background. Game mascot.
daily,16502,png,16,16,日常_IDM,ALL,https://images.heaton.com.cn/download/675bdcdf071de0.16029061,library_images_16/daily/16502.png,frog,A green frog face on a dark background. Amphibian.
daily,16503,png,16,16,日常_IDM,ALL,https://images.heaton.com.cn/download/675bdcdf071e26.69531525,library_images_16/daily/16503.png,bmo-robot,A green robot face resembling BMO from Adventure Time on teal. Cute gaming bot.
daily,16504,png,16,16,日常_IDM,ALL,https://images.heaton.com.cn/download/675bdcdf071e55.75887778,library_images_16/daily/16504.png,orange-robot,An orange boxy robot/camera on a blue background. Mechanical character.
daily,16505,png,16,16,日常_IDM,ALL,https://images.heaton.com.cn/download/675bdcdf071e92.09437599,library_images_16/daily/16505.png,brown-creature,A brown triangular creature with red eyes on pink. Quirky character.
daily,16506,png,16,16,日常_IDM,ALL,https://images.heaton.com.cn/download/675bdcdf071ed6.13912383,library_images_16/daily/16506.png,skull-ten,A white skull with the number '10' on a dark background. Spooky countdown.
daily,16507,png,16,16,日常_IDM,ALL,https://images.heaton.com.cn/download/675bdcdf071f11.42592541,library_images_16/daily/16507.png,flower-burst,A green-and-orange floral burst on a dark background. Blooming radial design.
daily,16508,png,16,16,日常_IDM,ALL,https://images.heaton.com.cn/download/675bdcdf071f73.25841858,library_images_16/daily/16508.png,teddy-heart,A brown teddy bear with a heart on a dark background. Affectionate plush.
daily,16509,png,16,16,日常_IDM,ALL,https://images.heaton.com.cn/download/675bdcdf071fa5.08441209,library_images_16/daily/16509.png,pink-creature,A pink face/creature with a heart on a teal background. Cute character.
daily,16510,png,16,16,日常_IDM,ALL,https://images.heaton.com.cn/download/675bdcdf071fe0.47512549,library_images_16/daily/16510.png,rose-snail,A red rose with a snail on a dark background. Garden/nature motif.
daily,16511,png,16,16,日常_IDM,ALL,https://images.heaton.com.cn/download/675bdcdf072021.61771378,library_images_16/daily/16511.png,skull,A white skull on a dark background. Spooky motif.
daily,16512,png,16,16,日常_IDM,ALL,https://images.heaton.com.cn/download/675bdcdf072075.38896892,library_images_16/daily/16512.png,thumbs-up-heart,A hand giving a thumbs up with a red heart on blue. Like-and-love motif.
daily,16513,png,16,16,日常_IDM,ALL,https://images.heaton.com.cn/download/675bdcdf0720b9.83420792,library_images_16/daily/16513.png,red-heart,A red 3D heart on a blue background. Love symbol.
daily,16514,png,16,16,日常_IDM,ALL,https://images.heaton.com.cn/download/675bdcdf072112.79889018,library_images_16/daily/16514.png,shiba,An orange-and-white Shiba/cat on a green background. Cute animal.
daily,16515,png,16,16,日常_IDM,ALL,https://images.heaton.com.cn/download/675bdcdf072152.57742960,library_images_16/daily/16515.png,red-robot,A red box-shaped robot/face on a blue background. Blocky character.
daily,16516,png,16,16,日常_IDM,ALL,https://images.heaton.com.cn/download/675bdcdf072187.41680327,library_images_16/daily/16516.png,cupcake,A purple-frosted cupcake on a magenta background. Sweet treat.
daily,16517,png,16,16,日常_IDM,ALL,https://images.heaton.com.cn/download/675bdcdf0721c4.72659306,library_images_16/daily/16517.png,blue-fish,A blue-and-purple fish on a green background. Aquatic animal.
daily,16518,png,16,16,日常_IDM,ALL,https://images.heaton.com.cn/download/675bdcdf072202.36003584,library_images_16/daily/16518.png,white-cat,A white cat with a bell on a dark background. Cute kitty.
daily,16519,png,16,16,日常_IDM,ALL,https://images.heaton.com.cn/download/675bdcdf072243.56252057,library_images_16/daily/16519.png,mushroom,A red-and-white mushroom/toadstool on a white background. Fungi icon.
daily,16520,png,16,16,日常_IDM,ALL,https://images.heaton.com.cn/download/675bdcdf072282.21319705,library_images_16/daily/16520.png,nyan-cat,A gray Nyan Cat trailing a rainbow on a rainbow background. Internet-meme cat.
daily,16521,png,16,16,日常_IDM,ALL,https://images.heaton.com.cn/download/675bdcdf0722f7.94429466,library_images_16/daily/16521.png,watermelon,A slice of watermelon on a dark background. Fruit icon.
daily,16522,png,16,16,日常_IDM,ALL,https://images.heaton.com.cn/download/675bdcdf072334.51184750,library_images_16/daily/16522.png,red-mug,A red coffee mug on a dark background. Hot-drink icon.
daily,16523,png,16,16,日常_IDM,ALL,https://images.heaton.com.cn/download/675bdcdf072368.03643469,library_images_16/daily/16523.png,pizza-slice,A slice of pizza on a dark background. Fast-food icon.
daily,16524,png,16,16,日常_IDM,ALL,https://images.heaton.com.cn/download/675bdcdf0723a3.67932162,library_images_16/daily/16524.png,food-bowl,A bowl of rice/creamy food on a dark background. Meal icon.
daily,16525,png,16,16,日常_IDM,ALL,https://images.heaton.com.cn/download/675bdcdf0723d0.89648341,library_images_16/daily/16525.png,white-bunny,A white rabbit/bunny on a dark background. Cute animal.
daily,16526,png,16,16,日常_IDM,ALL,https://images.heaton.com.cn/download/675bdcdf072415.58062459,library_images_16/daily/16526.png,pink-creature,A pink pig/rabbit creature on a dark background. Cute character.
daily,16527,png,16,16,日常_IDM,ALL,https://images.heaton.com.cn/download/675bdcdf072474.41268895,library_images_16/daily/16527.png,purple-city,A purple city skyline of buildings on a purple background. Urban scene.
holiday,16528,png,16,16,节日_IDM,ALL,https://images.heaton.com.cn/download/675bdcdf0724b7.64554347,library_images_16/holiday/16528.png,zombie-hand,A green zombie creature/hand on a dark background. Undead Halloween motif.
holiday,16529,png,16,16,节日_IDM,ALL,https://images.heaton.com.cn/download/675bdcdf0724f9.78081731,library_images_16/holiday/16529.png,glowing-skull,A black skull/mask with a glow on a magenta background. Spooky neon motif.
holiday,16530,png,16,16,节日_IDM,ALL,https://images.heaton.com.cn/download/675bdcdf072538.23909950,library_images_16/holiday/16530.png,rainbow-skull,A rainbow skull wearing sunglasses on a dark background. Cool spooky emoji.
holiday,16531,png,16,16,节日_IDM,ALL,https://images.heaton.com.cn/download/675bdcdf072578.67728891,library_images_16/holiday/16531.png,jack-o-lantern,A glowing jack-o'-lantern on a dark background. Halloween pumpkin.
holiday,16532,png,16,16,节日_IDM,ALL,https://images.heaton.com.cn/download/675bdcdf0725b4.44510576,library_images_16/holiday/16532.png,pumpkin,An orange pumpkin on a purple background. Halloween icon.
holiday,16533,png,16,16,节日_IDM,ALL,https://images.heaton.com.cn/download/675bdcdf0725f6.07511147,library_images_16/holiday/16533.png,santa-trees,Santa Claus among Christmas trees on a dark background. Holiday scene.
holiday,16534,png,16,16,节日_IDM,ALL,https://images.heaton.com.cn/download/675bdcdf072656.96851982,library_images_16/holiday/16534.png,santa-face,A Santa Claus face on a green background. Christmas portrait.
holiday,16535,png,16,16,节日_IDM,ALL,https://images.heaton.com.cn/download/675bdcdf072693.96984044,library_images_16/holiday/16535.png,santa,A red-suited Santa Claus on a blue background. Christmas mascot.
holiday,16536,png,16,16,节日_IDM,ALL,https://images.heaton.com.cn/download/675bdcdf0726d4.46407060,library_images_16/holiday/16536.png,santa-2,A standing Santa Claus on a dark background. Christmas character.
holiday,16537,png,16,16,节日_IDM,ALL,https://images.heaton.com.cn/download/675bdcdf072704.62198435,library_images_16/holiday/16537.png,santa-3,A red-suited Santa Claus on a dark background. Holiday mascot.
holiday,16538,png,16,16,节日_IDM,ALL,https://images.heaton.com.cn/download/675bdcdf072740.64892282,library_images_16/holiday/16538.png,santa-face-2,A bearded Santa face on a dark background. Christmas portrait.
holiday,16539,png,16,16,节日_IDM,ALL,https://images.heaton.com.cn/download/675bdcdf072787.27146293,library_images_16/holiday/16539.png,santa-kid,A boy in a Santa hat on a red background. Festive kid.
holiday,16540,png,16,16,节日_IDM,ALL,https://images.heaton.com.cn/download/675bdcdf0727c9.28571718,library_images_16/holiday/16540.png,red-gift,A red gift box with greenery on a dark background. Present motif.
holiday,16541,png,16,16,节日_IDM,ALL,https://images.heaton.com.cn/download/675bdcdf072829.86525328,library_images_16/holiday/16541.png,red-heart,A red 3D heart on a dark background. Love symbol.
holiday,16542,png,16,16,节日_IDM,ALL,https://images.heaton.com.cn/download/675bdcdf072862.46220351,library_images_16/holiday/16542.png,deer-face,An orange reindeer/deer face on a cream background. Antlered animal.
holiday,16543,png,16,16,节日_IDM,ALL,https://images.heaton.com.cn/download/675bdcdf0728a4.53639840,library_images_16/holiday/16543.png,tree,A green Christmas tree on a white background. Evergreen.
holiday,16544,png,16,16,节日_IDM,ALL,https://images.heaton.com.cn/download/675bdcdf0728d9.53661357,library_images_16/holiday/16544.png,xmas-tree,A decorated Christmas tree with lights on a dark background. Festive evergreen.
holiday,16545,png,16,16,节日_IDM,ALL,https://images.heaton.com.cn/download/675bdcdf072928.73802564,library_images_16/holiday/16545.png,tree-room,A Christmas tree with presents in a room on tan. Festive interior.
holiday,16546,png,16,16,节日_IDM,ALL,https://images.heaton.com.cn/download/675bdcdf072953.52967640,library_images_16/holiday/16546.png,snowman,A blue-and-white snowman on a dark background. Winter character.
holiday,16547,png,16,16,节日_IDM,ALL,https://images.heaton.com.cn/download/675bdcdf0729b5.28638605,library_images_16/holiday/16547.png,tree-2,A simple green Christmas tree on a dark background. Evergreen.
holiday,16548,png,16,16,节日_IDM,ALL,https://images.heaton.com.cn/download/675bdcdf072a00.69263834,library_images_16/holiday/16548.png,reindeer,A brown reindeer on a green background. Antlered animal.
holiday,16549,png,16,16,节日_IDM,ALL,https://images.heaton.com.cn/download/675bdcdf072a36.70224581,library_images_16/holiday/16549.png,tree-gifts,A Christmas tree with gifts on a dark background. Holiday scene.
holiday,16550,png,16,16,节日_IDM,ALL,https://images.heaton.com.cn/download/675bdcdf072a74.63672939,library_images_16/holiday/16550.png,wreath,A green Christmas wreath on a cyan background. Holiday decoration.
holiday,16551,png,16,16,节日_IDM,ALL,https://images.heaton.com.cn/download/675bdcdf072ab1.30862130,library_images_16/holiday/16551.png,santa-gift,Santa Claus holding a gift on a dark background. Gift-giving scene.
holiday,16552,png,16,16,节日_IDM,ALL,https://images.heaton.com.cn/download/675bdcdf072af4.67228129,library_images_16/holiday/16552.png,xmas-tree-2,A decorated Christmas tree on a pink background. Festive evergreen.
holiday,16553,png,16,16,节日_IDM,ALL,https://images.heaton.com.cn/download/675bdcdf072b35.80598582,library_images_16/holiday/16553.png,tree-star,A Christmas tree topped with a star on a dark background. Festive tree.
holiday,16554,png,16,16,节日_IDM,ALL,https://images.heaton.com.cn/download/675bdcdf072ba5.44356092,library_images_16/holiday/16554.png,santa-hand,A white Santa/hand scene on a dark background. Festive vignette.
holiday,16555,png,16,16,节日_IDM,ALL,https://images.heaton.com.cn/download/675bdcdf072bd5.08243138,library_images_16/holiday/16555.png,santa-pig,A pink pig/creature in a Santa hat on a purple background. Festive animal.
holiday,16556,png,16,16,节日_IDM,ALL,https://images.heaton.com.cn/download/675bdcdf072c17.86374250,library_images_16/holiday/16556.png,pink-heart,A pink 3D heart on a pink background. Love icon.
holiday,16557,png,16,16,节日_IDM,ALL,https://images.heaton.com.cn/download/675bdcdf072c50.61148347,library_images_16/holiday/16557.png,jack-o-lantern,A jack-o'-lantern pumpkin on a dark background. Halloween icon.
holiday,16558,png,16,16,节日_IDM,ALL,https://images.heaton.com.cn/download/675bdcdf072c92.46219678,library_images_16/holiday/16558.png,skull,A white skull/pig with blue eyes on a red background. Spooky motif.
holiday,16559,png,16,16,节日_IDM,ALL,https://images.heaton.com.cn/download/675bdcdf072cc6.63026862,library_images_16/holiday/16559.png,pumpkin,An orange jack-o'-lantern pumpkin on a dark background. Halloween icon.
holiday,16560,png,16,16,节日_IDM,ALL,https://images.heaton.com.cn/download/675bdcdf072d34.20922105,library_images_16/holiday/16560.png,pumpkin-2,A smiling jack-o'-lantern on a dark background. Halloween pumpkin.
holiday,16561,png,16,16,节日_IDM,ALL,https://images.heaton.com.cn/download/675bdcdf072d79.65773699,library_images_16/holiday/16561.png,glowing-eyes,A dark creature with glowing eyes on a dark background. Lurking-monster motif.
holiday,16562,png,16,16,节日_IDM,ALL,https://images.heaton.com.cn/download/675bdcdf072da2.15135027,library_images_16/holiday/16562.png,yellow-bat,A yellow bat/creature on a dark background. Halloween animal.
holiday,16563,png,16,16,节日_IDM,ALL,https://images.heaton.com.cn/download/675bdcdf072de9.73802721,library_images_16/holiday/16563.png,orange-box,An orange boxy robot/pumpkin face on a dark background. Halloween character.
holiday,16564,png,16,16,节日_IDM,ALL,https://images.heaton.com.cn/download/675bdcdf072e21.22848329,library_images_16/holiday/16564.png,skull,A white skull on a brown background. Bony Halloween motif.
holiday,16565,png,16,16,节日_IDM,ALL,https://images.heaton.com.cn/download/675bdcdf072e64.99384111,library_images_16/holiday/16565.png,white-skull,A white skull/ghost on a dark background. Spooky motif.
holiday,16566,png,16,16,节日_IDM,ALL,https://images.heaton.com.cn/download/675bdcdf072ea0.24456167,library_images_16/holiday/16566.png,jack-o-lantern,A glowing jack-o'-lantern on a purple background. Halloween pumpkin.
holiday,16568,png,16,16,节日_IDM,ALL,https://images.heaton.com.cn/download/675bdcdf072f50.95007698,library_images_16/holiday/16568.png,pink-peach,A pink peach/heart on a dark background. Sweet motif.
holiday,16569,png,16,16,节日_IDM,ALL,https://images.heaton.com.cn/download/675bdcdf072f92.65849853,library_images_16/holiday/16569.png,sunset-heart,A heart containing a sunset on a dark background. Romantic motif.
holiday,16570,png,16,16,节日_IDM,ALL,https://images.heaton.com.cn/download/675bdcdf072fd4.20202500,library_images_16/holiday/16570.png,light-heart,A heart outlined in colorful lights on a dark background. Festive love decoration.
holiday,16571,png,16,16,节日_IDM,ALL,https://images.heaton.com.cn/download/675bdcdf073017.01179198,library_images_16/holiday/16571.png,pink-heart,A pink-and-red 3D heart on a blue background. Love icon.
holiday,16572,png,16,16,节日_IDM,ALL,https://images.heaton.com.cn/download/675bdcdf073040.83354564,library_images_16/holiday/16572.png,red-gift,A red gift/heart box on a dark background. Present motif.
holiday,16573,png,16,16,节日_IDM,ALL,https://images.heaton.com.cn/download/675bdcdf0730a0.32981346,library_images_16/holiday/16573.png,orange-heart,An orange heart/pumpkin with teeth on a dark background. Spooky-love motif.
holiday,16574,png,16,16,节日_IDM,ALL,https://images.heaton.com.cn/download/675bdcdf0730e1.49446977,library_images_16/holiday/16574.png,pumpkin-3,A jack-o'-lantern pumpkin on a dark background. Halloween icon.
holiday,16575,png,16,16,节日_IDM,ALL,https://images.heaton.com.cn/download/675bdcdf073134.87718528,library_images_16/holiday/16575.png,snowman,A white snowman on a dark background. Winter character.
holiday,16576,png,16,16,节日_IDM,ALL,https://images.heaton.com.cn/download/675bdcdf073163.55560687,library_images_16/holiday/16576.png,red-heart-2,A red 3D heart on a blue background. Love symbol.
holiday,16577,png,16,16,节日_IDM,ALL,https://images.heaton.com.cn/download/675bdcdf0731a8.36956113,library_images_16/holiday/16577.png,xmas-tree,A decorated Christmas tree on a dark background. Festive evergreen.
emoji,16578,png,16,16,表情_IDM,ALL,https://images.heaton.com.cn/download/675bdcdf0731e4.46665770,library_images_16/emoji/16578.png,pink-face,A pink blushing face on a purple background. Bashful emoji.
emoji,16579,png,16,16,表情_IDM,ALL,https://images.heaton.com.cn/download/675bdcdf073223.63514849,library_images_16/emoji/16579.png,glitch-smiley,A black smiley with red/blue glitch on a white background. Distorted happy emoji.
emoji,16580,png,16,16,表情_IDM,ALL,https://images.heaton.com.cn/download/675bdcdf073283.72794161,library_images_16/emoji/16580.png,grinning-face,A white face with a big toothy grin on a dark background. Cheeky emoji.
emoji,16581,png,16,16,表情_IDM,ALL,https://images.heaton.com.cn/download/675bdcdf0732d7.66356611,library_images_16/emoji/16581.png,orange-face,An orange happy face on an orange background. Cheerful emoji.
emoji,16582,png,16,16,表情_IDM,ALL,https://images.heaton.com.cn/download/675bdcdf073306.97513360,library_images_16/emoji/16582.png,pink-blush-face,A pink face with heart-shaped cheeks on pink. Bashful love emoji.
emoji,16583,png,16,16,表情_IDM,ALL,https://images.heaton.com.cn/download/675bdcdf073357.27211339,library_images_16/emoji/16583.png,orange-face-2,An orange face with a sad/yawning expression. Tired emoji.
emoji,16584,png,16,16,表情_IDM,ALL,https://images.heaton.com.cn/download/675bdcdf073380.78409599,library_images_16/emoji/16584.png,red-teeth-face,A red box face with teeth on a red background. Bold blocky emoji.
emoji,16585,png,16,16,表情_IDM,ALL,https://images.heaton.com.cn/download/675bdcdf0733c9.70656370,library_images_16/emoji/16585.png,yellow-box-smiley,A yellow square face with a smile on cream. Blocky happy emoji.
emoji,16586,png,16,16,表情_IDM,ALL,https://images.heaton.com.cn/download/675bdcdf073407.70577972,library_images_16/emoji/16586.png,heart-eyes,A yellow face with red heart eyes on yellow. 'In love' emoji.
emoji,16587,png,16,16,表情_IDM,ALL,https://images.heaton.com.cn/download/675bdcdf073462.43190160,library_images_16/emoji/16587.png,grinning-face,A black face with a white grin on a black background. Cheeky emoji.
emoji,16588,png,16,16,表情_IDM,ALL,https://images.heaton.com.cn/download/675bdcdf0734a7.44336580,library_images_16/emoji/16588.png,screen-box,A pink box with a small TV/screen on a pink background. Retro device motif.
emoji,16589,png,16,16,表情_IDM,ALL,https://images.heaton.com.cn/download/675bdcdf0734e2.25742345,library_images_16/emoji/16589.png,green-face,A green face with a sleepy expression on white. Queasy emoji.
emoji,16590,png,16,16,表情_IDM,ALL,https://images.heaton.com.cn/download/675bdcdf073520.74734039,library_images_16/emoji/16590.png,red-face,A red line-art face/skull on a white background. Bold emoji.
emoji,16591,png,16,16,表情_IDM,ALL,https://images.heaton.com.cn/download/675bdcdf073566.71414127,library_images_16/emoji/16591.png,green-angry,A green face with red eyes on a green background. Angry emoji.
emoji,16592,png,16,16,表情_IDM,ALL,https://images.heaton.com.cn/download/675bdcdf0735a4.57856253,library_images_16/emoji/16592.png,blue-surprised,A blue surprised face on a blue background. Shocked emoji.
emoji,16593,png,16,16,表情_IDM,ALL,https://images.heaton.com.cn/download/675bdcdf0735f2.32107493,library_images_16/emoji/16593.png,green-grin,A green smiling-face outline on a dark background. Minimal happy emoji.
emoji,16594,png,16,16,表情_IDM,ALL,https://images.heaton.com.cn/download/675bdcdf073633.42467903,library_images_16/emoji/16594.png,teal-face,A teal-green face/creature on a dark background. Quirky emoji.
emoji,16595,png,16,16,表情_IDM,ALL,https://images.heaton.com.cn/download/675bdcdf073674.06670258,library_images_16/emoji/16595.png,pig-face,A pink pig face on a dark background. Farm animal emoji.
emoji,16596,png,16,16,表情_IDM,ALL,https://images.heaton.com.cn/download/675bdcdf0736c7.80674814,library_images_16/emoji/16596.png,cool-pig,A pig wearing sunglasses on a dark background. Cool animal emoji.
emoji,16597,png,16,16,表情_IDM,ALL,https://images.heaton.com.cn/download/675bdcdf073701.51235422,library_images_16/emoji/16597.png,crying-pig,A pig with tears on a dark background. Sad animal emoji.
emoji,16598,png,16,16,表情_IDM,ALL,https://images.heaton.com.cn/download/675bdcdf073743.90317427,library_images_16/emoji/16598.png,pig-face-2,A pink pig face on a dark background. Farm animal emoji.
emoji,16599,png,16,16,表情_IDM,ALL,https://images.heaton.com.cn/download/675bdcdf073775.19321810,library_images_16/emoji/16599.png,love-pig,A pig with heart eyes on a dark background. Love-struck animal emoji.
emoji,16600,png,16,16,表情_IDM,ALL,https://images.heaton.com.cn/download/675bdcdf0737d3.80683455,library_images_16/emoji/16600.png,angry-pig,"A pig with an angry, teeth-baring face on dark. Cross animal emoji."
emoji,16601,png,16,16,表情_IDM,ALL,https://images.heaton.com.cn/download/675bdcdf073810.04397140,library_images_16/emoji/16601.png,sleepy-pig,A pig with a tear/sleepy look on a dark background. Drowsy animal emoji.
emoji,16602,png,16,16,表情_IDM,ALL,https://images.heaton.com.cn/download/675bdcdf073860.84314912,library_images_16/emoji/16602.png,pig-face-3,A pink pig face on a dark background. Farm animal emoji.
emoji,16603,png,16,16,表情_IDM,ALL,https://images.heaton.com.cn/download/675bdcdf073898.60784039,library_images_16/emoji/16603.png,sleeping-pig,A pig sleeping with 'Zzz' on a dark background. Drowsy animal emoji.
emoji,16604,png,16,16,表情_IDM,ALL,https://images.heaton.com.cn/download/675bdcdf0738d0.43899907,library_images_16/emoji/16604.png,pig-face-4,A pink pig face on a dark background. Farm animal emoji.
emoji,16605,png,16,16,表情_IDM,ALL,https://images.heaton.com.cn/download/675bdcdf073913.47057447,library_images_16/emoji/16605.png,yellow-skull,A yellow skull/moon face on a purple background. Spooky emoji.
emoji,16606,png,16,16,表情_IDM,ALL,https://images.heaton.com.cn/download/675bdcdf073978.06762432,library_images_16/emoji/16606.png,cool-face,A yellow face wearing sunglasses on yellow. 'Deal with it' emoji.
emoji,16607,png,16,16,表情_IDM,ALL,https://images.heaton.com.cn/download/675bdcdf0739b2.12211916,library_images_16/emoji/16607.png,yellow-flame,A yellow flame creature/bird on a dark background. Fiery character.
emoji,16608,png,16,16,表情_IDM,ALL,https://images.heaton.com.cn/download/675bdcdf0739f9.81598049,library_images_16/emoji/16608.png,devil-skull,A white skull with red horns on a dark background. Devilish spooky emoji.
emoji,16609,png,16,16,表情_IDM,ALL,https://images.heaton.com.cn/download/675bdcdf073a31.76906914,library_images_16/emoji/16609.png,purple-heart,A purple 3D heart on a blue background. Love icon.
emoji,16610,png,16,16,表情_IDM,ALL,https://images.heaton.com.cn/download/675bdcdf073a75.52555775,library_images_16/emoji/16610.png,white-heart,A white heart on a magenta background. Love icon.
emoji,16611,png,16,16,表情_IDM,ALL,https://images.heaton.com.cn/download/675bdcdf073ab3.28013284,library_images_16/emoji/16611.png,white-heart-2,A white heart on a pink background. Love icon.
emoji,16612,png,16,16,表情_IDM,ALL,https://images.heaton.com.cn/download/675bdcdf073ae5.78207200,library_images_16/emoji/16612.png,box-face,A blue-and-red box face with glasses on yellow. Quirky blocky emoji.
emoji,16613,png,16,16,表情_IDM,ALL,https://images.heaton.com.cn/download/675bdcdf073b47.20258098,library_images_16/emoji/16613.png,pink-cloud,A pink sheep/cloud on an orange background. Soft fluffy motif.
emoji,16614,png,16,16,表情_IDM,ALL,https://images.heaton.com.cn/download/675bdcdf073b96.75702549,library_images_16/emoji/16614.png,yellow-star,A yellow star on a purple background. Sparkle/achievement icon.
emoji,16615,png,16,16,表情_IDM,ALL,https://images.heaton.com.cn/download/675bdcdf073bd7.16765951,library_images_16/emoji/16615.png,pink-cat,A pink cat/fox face on a rainbow background. Cute animal emoji.
emoji,16616,png,16,16,表情_IDM,ALL,https://images.heaton.com.cn/download/675bdcdf073c17.03423886,library_images_16/emoji/16616.png,orange-cat,An orange cat/pumpkin box face on a green background. Quirky emoji.
emoji,16617,png,16,16,表情_IDM,ALL,https://images.heaton.com.cn/download/675bdcdf073c55.99945493,library_images_16/emoji/16617.png,pink-monster,A pink pig/monster on a magenta background. Cute creature.
emoji,16618,png,16,16,表情_IDM,ALL,https://images.heaton.com.cn/download/675bdcdf073c90.15261633,library_images_16/emoji/16618.png,green-monster,A green monster/pumpkin box on a dark background. Spooky character.
emoji,16619,png,16,16,表情_IDM,ALL,https://images.heaton.com.cn/download/675bdcdf073cf1.69348875,library_images_16/emoji/16619.png,white-rabbit,A white rabbit/bunny on a green background. Cute animal.
emoji,16620,png,16,16,表情_IDM,ALL,https://images.heaton.com.cn/download/675bdcdf073d32.14452262,library_images_16/emoji/16620.png,brown-face,A brown monster/face on a pink background. Quirky creature.
emoji,16621,png,16,16,表情_IDM,ALL,https://images.heaton.com.cn/download/675bdcdf073d75.81475856,library_images_16/emoji/16621.png,tomato,A red tomato with a little face on a dark background. Cheerful vegetable.
emoji,16622,png,16,16,表情_IDM,ALL,https://images.heaton.com.cn/download/675bdcdf073db4.00066287,library_images_16/emoji/16622.png,green-frog,A green frog/monster face on a dark background. Goofy amphibian.
emoji,16623,png,16,16,表情_IDM,ALL,https://images.heaton.com.cn/download/675bdcdf073df4.58675163,library_images_16/emoji/16623.png,orange-cat,An orange cat/fox face on a dark background. Cute animal.
emoji,16624,png,16,16,表情_IDM,ALL,https://images.heaton.com.cn/download/675bdcdf073e36.63132236,library_images_16/emoji/16624.png,tiger,An orange tiger face on an orange background. Big-cat portrait.
emoji,16625,png,16,16,表情_IDM,ALL,https://images.heaton.com.cn/download/675bdcdf073e64.29231408,library_images_16/emoji/16625.png,white-animal,A white cat/rabbit on a dark background. Cute animal.
emoji,16626,png,16,16,表情_IDM,ALL,https://images.heaton.com.cn/download/675bdcdf073ec0.99732656,library_images_16/emoji/16626.png,blue-penguin,A blue penguin/bird on a dark background. Cute creature.
emoji,16627,png,16,16,表情_IDM,ALL,https://images.heaton.com.cn/download/675bdcdf073f14.16963882,library_images_16/emoji/16627.png,glasses-girl,An anime girl with glasses on a red background. Character portrait.
creative,16628,png,16,16,创意_IDM,ALL,https://images.heaton.com.cn/download/675bdcdf073f54.33798956,library_images_16/creative/16628.png,white-rooster,A white chicken/rooster on a red background. Farm bird.
creative,16629,png,16,16,创意_IDM,ALL,https://images.heaton.com.cn/download/675bdcdf073f95.75269046,library_images_16/creative/16629.png,red-robot,A red robot/monster box face on a dark background. Blocky character.
creative,16630,png,16,16,创意_IDM,ALL,https://images.heaton.com.cn/download/675bdcdf073fd1.76400657,library_images_16/creative/16630.png,cross-pattern,A red-and-blue cross/flag pattern on dark. Union-Jack-like design.
creative,16631,png,16,16,创意_IDM,ALL,https://images.heaton.com.cn/download/675bdcdf074019.78103931,library_images_16/creative/16631.png,game-boy,A handheld Game Boy with a rainbow screen on dark. Retro gaming device.
creative,16632,png,16,16,创意_IDM,ALL,https://images.heaton.com.cn/download/675bdcdf074092.29232173,library_images_16/creative/16632.png,glasses-girl-2,An anime girl with glasses on a blue background. Character portrait.
creative,16633,png,16,16,创意_IDM,ALL,https://images.heaton.com.cn/download/675bdcdf0740d3.07289325,library_images_16/creative/16633.png,orange-monster,An orange monster face with green eyes on a dark background. Spooky character.
creative,16634,png,16,16,创意_IDM,ALL,https://images.heaton.com.cn/download/675bdcdf074115.25297295,library_images_16/creative/16634.png,green-frame,A green creature framed in a box on a dark background. Cartoon creature.
creative,16635,png,16,16,创意_IDM,ALL,https://images.heaton.com.cn/download/675bdcdf074152.53132879,library_images_16/creative/16635.png,rainbow-runner,A rainbow-colored figure running on a dark background. Lively sprite.
creative,16636,png,16,16,创意_IDM,ALL,https://images.heaton.com.cn/download/675bdcdf074193.98986344,library_images_16/creative/16636.png,red-gameboy,A red handheld Game Boy console on a dark background. Retro gaming device.
creative,16637,png,16,16,创意_IDM,ALL,https://images.heaton.com.cn/download/675bdcdf0741d7.77911650,library_images_16/creative/16637.png,dizzy-face,A cyan face with X-shaped eyes on a dark background. Woozy emoji.
creative,16638,png,16,16,创意_IDM,ALL,https://images.heaton.com.cn/download/675bdcdf074217.99762866,library_images_16/creative/16638.png,gameboy-gray,A gray Game Boy with a green screen on gray. Classic handheld console.
creative,16639,png,16,16,创意_IDM,ALL,https://images.heaton.com.cn/download/675bdcdf074274.46471875,library_images_16/creative/16639.png,red-heart,A red 3D heart on a blue background. Love symbol.
creative,16640,png,16,16,创意_IDM,ALL,https://images.heaton.com.cn/download/675bdcdf0742b2.18036345,library_images_16/creative/16640.png,hourglass,A gold hourglass on a dark background. Time-passing motif.
creative,16641,png,16,16,创意_IDM,ALL,https://images.heaton.com.cn/download/675bdcdf074307.57423147,library_images_16/creative/16641.png,teal-screen,A teal screen inside a red frame on red. Display/TV motif.
creative,16642,png,16,16,创意_IDM,ALL,https://images.heaton.com.cn/download/675bdcdf074364.87662325,library_images_16/creative/16642.png,blue-penguin,A blue penguin/duck on a dark background. Cute creature.
creative,16643,png,16,16,创意_IDM,ALL,https://images.heaton.com.cn/download/675bdcdf0743b0.45704346,library_images_16/creative/16643.png,blue-bunny,A blue rabbit/cat on a dark background. Cute bunny.
creative,16644,png,16,16,创意_IDM,ALL,https://images.heaton.com.cn/download/675bdcdf074411.84743915,library_images_16/creative/16644.png,rainbow-stripes,A rainbow-striped panel on a dark background. Colorful pattern.
creative,16645,png,16,16,创意_IDM,ALL,https://images.heaton.com.cn/download/675bdcdf074476.41091571,library_images_16/creative/16645.png,wave-pattern,A colorful DNA/wave pattern on a dark background. Abstract design.
creative,16646,png,16,16,创意_IDM,ALL,https://images.heaton.com.cn/download/675bdcdf0744f6.04936665,library_images_16/creative/16646.png,yellow-qr,A yellow QR-code-like maze pattern on dark. Tech/scan motif.
creative,16647,png,16,16,创意_IDM,ALL,https://images.heaton.com.cn/download/675bdcdf074558.35566907,library_images_16/creative/16647.png,color-blocks,Colorful square blocks on a dark background. Geometric swatches.
creative,16648,png,16,16,创意_IDM,ALL,https://images.heaton.com.cn/download/675bdcdf0745b2.27288378,library_images_16/creative/16648.png,blue-target,Concentric blue circles forming a target on dark. Bullseye pattern.
creative,16649,png,16,16,创意_IDM,ALL,https://images.heaton.com.cn/download/675bdcdf074611.59790283,library_images_16/creative/16649.png,red-cross-grid,A red checkered grid forming a cross on green. Geometric pattern.
creative,16650,png,16,16,创意_IDM,ALL,https://images.heaton.com.cn/download/675bdcdf074665.57401541,library_images_16/creative/16650.png,mint-robot,A mint-green robot face on a teal background. Friendly bot.
creative,16651,png,16,16,创意_IDM,ALL,https://images.heaton.com.cn/download/675bdcdf074758.34354592,library_images_16/creative/16651.png,frog,A green frog face on a dark background. Amphibian.
creative,16652,png,16,16,创意_IDM,ALL,https://images.heaton.com.cn/download/675bdcdf0747e0.81909987,library_images_16/creative/16652.png,brown-creature,A brown triangular creature with red eyes on pink. Quirky character.
creative,16653,png,16,16,创意_IDM,ALL,https://images.heaton.com.cn/download/675bdcdf074840.54469593,library_images_16/creative/16653.png,pink-clown,A pink clown/troll face on a cyan background. Funny emoji.
creative,16654,png,16,16,创意_IDM,ALL,https://images.heaton.com.cn/download/675bdcdf0748a5.34726521,library_images_16/creative/16654.png,flower-burst,A green-and-orange floral burst on a dark background. Blooming radial design.
creative,16655,png,16,16,创意_IDM,ALL,https://images.heaton.com.cn/download/675bdcdf074914.29000489,library_images_16/creative/16655.png,rainbow-smiley,A yellow smiley with rainbow accents on orange. Cheerful colorful emoji.
creative,16656,png,16,16,创意_IDM,ALL,https://images.heaton.com.cn/download/675bdcdf074978.39565100,library_images_16/creative/16656.png,pink-box-face,A pink box-shaped robot face on a pink background. Blocky character.
creative,16657,png,16,16,创意_IDM,ALL,https://images.heaton.com.cn/download/675bdcdf0749d5.84685350,library_images_16/creative/16657.png,red-robot,A red box face with teeth on a red background. Blocky character.
creative,16658,png,16,16,创意_IDM,ALL,https://images.heaton.com.cn/download/675bdcdf074a30.78951466,library_images_16/creative/16658.png,red-heart,A red 3D heart on a dark background. Love symbol.
creative,16659,png,16,16,创意_IDM,ALL,https://images.heaton.com.cn/download/675bdcdf074ad8.56947294,library_images_16/creative/16659.png,rainbow-heart,A heart filled with rainbow stripes on a dark background. Colorful love icon.
creative,16660,png,16,16,创意_IDM,ALL,https://images.heaton.com.cn/download/675bdcdf074b31.87352287,library_images_16/creative/16660.png,skull,A white skull on an orange background. Halloween skull.
creative,16661,png,16,16,创意_IDM,ALL,https://images.heaton.com.cn/download/675bdcdf074b99.55737039,library_images_16/creative/16661.png,snow-robot,A white snowman/robot with red accents on a blue background. Quirky character.
creative,16662,png,16,16,创意_IDM,ALL,https://images.heaton.com.cn/download/675bdcdf074c06.44950607,library_images_16/creative/16662.png,pink-monster,A pink monster with a toothy grin on a dark background. Goofy creature.
creative,16663,png,16,16,创意_IDM,ALL,https://images.heaton.com.cn/download/675bdcdf074c79.95989927,library_images_16/creative/16663.png,heart-outline,A cyan-and-pink heart outline on a dark background. Simple love icon.
creative,16664,png,16,16,创意_IDM,ALL,https://images.heaton.com.cn/download/675bdcdf074cd3.34879799,library_images_16/creative/16664.png,red-hearts,Three red hearts on a dark background. Love motif.
creative,16665,png,16,16,创意_IDM,ALL,https://images.heaton.com.cn/download/675bdcdf074d69.52769946,library_images_16/creative/16665.png,green-grin,A green smiling-face outline on a dark background. Minimal happy emoji.
creative,16666,png,16,16,创意_IDM,ALL,https://images.heaton.com.cn/download/675bdcdf074dc7.43809798,library_images_16/creative/16666.png,yellow-skull,A yellow skull on a dark background. Spooky emoji.
creative,16667,png,16,16,创意_IDM,ALL,https://images.heaton.com.cn/download/675bdcdf074e22.50364701,library_images_16/creative/16667.png,pink-face,A pink monster/face on a pink background. Cute creature.
creative,16668,png,16,16,创意_IDM,ALL,https://images.heaton.com.cn/download/675bdcdf074e87.62476737,library_images_16/creative/16668.png,pink-camera,A pink retro camera on a pink background. Photography icon.
creative,16669,png,16,16,创意_IDM,ALL,https://images.heaton.com.cn/download/675bdcdf074ee5.66834509,library_images_16/creative/16669.png,praying-hands,Praying hands with a candle on a dark background. Prayer/remembrance motif.
creative,16670,png,16,16,创意_IDM,ALL,https://images.heaton.com.cn/download/675bdcdf074f43.12863349,library_images_16/creative/16670.png,wooden-gear,A brown wooden gear/cube on a tan background. Mechanical wood motif.
creative,16671,png,16,16,创意_IDM,ALL,https://images.heaton.com.cn/download/675bdcdf074fa8.23319202,library_images_16/creative/16671.png,green-drink,A green drink/cup on a blue background. Beverage icon.
creative,16672,png,16,16,创意_IDM,ALL,https://images.heaton.com.cn/download/675bdcdf075039.45526129,library_images_16/creative/16672.png,flying-pig,A pink-and-blue flying pig on a light background. 'When pigs fly' motif.
creative,16673,png,16,16,创意_IDM,ALL,https://images.heaton.com.cn/download/675bdcdf075178.89664120,library_images_16/creative/16673.png,red-flag,A red flag on a pole in a landscape. Flag/marker motif.
creative,16674,png,16,16,创意_IDM,ALL,https://images.heaton.com.cn/download/675bdcdf0751d2.00360869,library_images_16/creative/16674.png,blue-maze,A blue maze/labyrinth on a dark background. Puzzle motif.
creative,16675,png,16,16,创意_IDM,ALL,https://images.heaton.com.cn/download/675bdcdf075233.68132795,library_images_16/creative/16675.png,hourglass,An hourglass with caution stripes on a blue background. Time-warning motif.
creative,16676,png,16,16,创意_IDM,ALL,https://images.heaton.com.cn/download/675bdcdf075292.64905403,library_images_16/creative/16676.png,pink-monster-2,A pink monster with a wide toothy grin on a dark background. Goofy creature.
creative,16677,png,16,16,创意_IDM,ALL,https://images.heaton.com.cn/download/675bdcdf0752f5.21906260,library_images_16/creative/16677.png,halloween-cat,A black cat with a pumpkin on a purple background. Halloween scene.
creative,16678,png,16,16,创意_IDM,ALL,https://images.heaton.com.cn/download/675bdcdf075377.09186555,library_images_16/creative/16678.png,skull,A white skull/pig with blue eyes on a red background. Spooky motif.
creative,16679,png,16,16,创意_IDM,ALL,https://images.heaton.com.cn/download/675bdcdf0753d3.75428897,library_images_16/creative/16679.png,orange-box,An orange boxy robot/pumpkin face on a dark background. Halloween character.
creative,16680,png,16,16,创意_IDM,ALL,https://images.heaton.com.cn/download/675bdcdf075441.11586826,library_images_16/creative/16680.png,green-zombie,A green zombie/monster on a dark background. Spooky creature.
business,16684,png,16,16,商业_IDM,ALL,https://images.heaton.com.cn/download/675bdcdf0755d7.72223272,library_images_16/business/16684.png,new-magenta,The word 'NEW' in white on a magenta starburst. Eye-catching promo badge.
business,16686,png,16,16,商业_IDM,ALL,https://images.heaton.com.cn/download/675bdcdf0756d2.18322471,library_images_16/business/16686.png,closed-sign,The word 'CLOSED' in red with a dashed border. Shop signage.
business,16687,png,16,16,商业_IDM,ALL,https://images.heaton.com.cn/download/675bdcdf075735.74298028,library_images_16/business/16687.png,new-burst,The word 'NEW!' on an orange starburst. Attention-grabbing badge.
business,16688,png,16,16,商业_IDM,ALL,https://images.heaton.com.cn/download/675bdcdf0757a9.66415794,library_images_16/business/16688.png,sale-star,The word 'SALE' on a green/rainbow star. Discount badge.
business,16689,png,16,16,商业_IDM,ALL,https://images.heaton.com.cn/download/675bdcdf075804.83369391,library_images_16/business/16689.png,sale-magenta,The word 'SALE' in white on a magenta background. Discount signage.
business,16693,png,16,16,商业_IDM,ALL,https://images.heaton.com.cn/download/675bdcdf0759d3.75706531,library_images_16/business/16693.png,green-dollar,A green dollar sign on a dark background. Money/finance icon.
business,16694,png,16,16,商业_IDM,ALL,https://images.heaton.com.cn/download/675bdcdf075a31.01617815,library_images_16/business/16694.png,thumbs-up,A blue hand giving a thumbs up on a dark background. Approval gesture.
business,16695,png,16,16,商业_IDM,ALL,https://images.heaton.com.cn/download/675bdcdf075aa9.11273200,library_images_16/business/16695.png,shopping-cart,A shopping cart on a dark background. Retail/checkout icon.
business,16696,png,16,16,商业_IDM,ALL,https://images.heaton.com.cn/download/675bdcdf075b00.27702184,library_images_16/business/16696.png,shopping-pink,The word 'Shopping' in pink on a magenta background. Retail signage.
business,16700,png,16,16,商业_IDM,ALL,https://images.heaton.com.cn/download/675bdcdf075cd4.68784326,library_images_16/business/16700.png,dollar-coin,A yellow coin stamped with a dollar sign. Money/currency icon.
business,16701,png,16,16,商业_IDM,ALL,https://images.heaton.com.cn/download/675bdcdf075d47.01190344,library_images_16/business/16701.png,shop-text,The word 'SHOP' in orange on a storefront on blue. Retail signage.
business,16703,png,16,16,商业_IDM,ALL,https://images.heaton.com.cn/download/675bdcdf075e08.74868691,library_images_16/business/16703.png,sale-blue,The word 'SALE' in blue on a dark background. Discount signage.
business,16704,png,16,16,商业_IDM,ALL,https://images.heaton.com.cn/download/675bdcdf075e56.66408541,library_images_16/business/16704.png,big-sale,'BIG SALE' in blue and red text on dark. Promotional signage.
business,16705,png,16,16,商业_IDM,ALL,https://images.heaton.com.cn/download/675bdcdf075ed3.64800704,library_images_16/business/16705.png,taxi-sign,A yellow 'TAXI' sign on a dark background. Transportation signage.
business,16706,png,16,16,商业_IDM,ALL,https://images.heaton.com.cn/download/675bdcdf075f33.06111294,library_images_16/business/16706.png,taxi-checker,'TAXI' in white over a checkered border. Cab signage.
business,16707,png,16,16,商业_IDM,ALL,https://images.heaton.com.cn/download/675bdcdf075f95.46742078,library_images_16/business/16707.png,dm-blue,The letters 'DM' in white on a blue background. Promotional text.
business,16709,png,16,16,商业_IDM,ALL,https://images.heaton.com.cn/download/675bdcdf076052.89900593,library_images_16/business/16709.png,big-sale-2,'BIG SALE' in colorful letters on a dark background. Promotional signage.
business,16710,png,16,16,商业_IDM,ALL,https://images.heaton.com.cn/download/675bdcdf0760b7.43073060,library_images_16/business/16710.png,bluetooth,A white Bluetooth symbol on red. Connectivity icon.
business,16711,png,16,16,商业_IDM,ALL,https://images.heaton.com.cn/download/675bdcdf076147.58118369,library_images_16/business/16711.png,hi-bubble,The greeting 'Hi!' in a red speech bubble. Friendly message motif.
